id,l10n_py_locality_id:id,code,description
l10n_py_neighborhood_1,l10n_py_locality_1,1,"MANORA"
l10n_py_neighborhood_2,l10n_py_locality_1,2,"REPUBLICANO 'A'"
l10n_py_neighborhood_3,l10n_py_locality_1,3,"VIRGEN DE LA ASUNCION"
l10n_py_neighborhood_4,l10n_py_locality_1,4,"SANTISIMA TRINIDAD"
l10n_py_neighborhood_5,l10n_py_locality_1,5,"DE LA RESIDENTA 'A'"
l10n_py_neighborhood_6,l10n_py_locality_1,6,"MBOCAYATY"
l10n_py_neighborhood_7,l10n_py_locality_1,7,"ÑU GUAZU"
l10n_py_neighborhood_8,l10n_py_locality_1,8,"SAN PEDRO Y SAN PABLO"
l10n_py_neighborhood_9,l10n_py_locality_1,9,"HIPODROMO"
l10n_py_neighborhood_10,l10n_py_locality_1,10,"TEMBETARY"
l10n_py_neighborhood_11,l10n_py_locality_1,11,"SANTA MARIA"
l10n_py_neighborhood_12,l10n_py_locality_1,12,"MARISCAL ESTIGARRIBIA"
l10n_py_neighborhood_13,l10n_py_locality_1,13,"YCUA SATI"
l10n_py_neighborhood_14,l10n_py_locality_1,14,"VILLA MORRA"
l10n_py_neighborhood_15,l10n_py_locality_1,15,"ITA ENRAMADA 'A'"
l10n_py_neighborhood_16,l10n_py_locality_1,16,"LAS MERCEDES"
l10n_py_neighborhood_17,l10n_py_locality_1,17,"MBURICAO"
l10n_py_neighborhood_18,l10n_py_locality_1,18,"BERNARDINO CABALLERO"
l10n_py_neighborhood_19,l10n_py_locality_1,19,"VISTA ALEGRE"
l10n_py_neighborhood_20,l10n_py_locality_1,20,"SAN ROQUE"
l10n_py_neighborhood_21,l10n_py_locality_1,21,"SAN VICENTE"
l10n_py_neighborhood_22,l10n_py_locality_1,22,"GENERAL DIAZ"
l10n_py_neighborhood_23,l10n_py_locality_1,23,"BARRIO OBRERO"
l10n_py_neighborhood_24,l10n_py_locality_1,24,"ROBERTO L. PETTIT"
l10n_py_neighborhood_25,l10n_py_locality_1,25,"LA ENCARNACION"
l10n_py_neighborhood_26,l10n_py_locality_1,26,"ITA PYTA PUNTA"
l10n_py_neighborhood_27,l10n_py_locality_1,27,"SAJONIA"
l10n_py_neighborhood_28,l10n_py_locality_1,28,"TACUMBU"
l10n_py_neighborhood_29,l10n_py_locality_1,29,"JARA"
l10n_py_neighborhood_30,l10n_py_locality_1,30,"LAS LOMAS"
l10n_py_neighborhood_31,l10n_py_locality_1,31,"RECOLETA"
l10n_py_neighborhood_32,l10n_py_locality_1,32,"LUIS ALBERTO DE HERRERA"
l10n_py_neighborhood_33,l10n_py_locality_1,33,"CIUDAD NUEVA"
l10n_py_neighborhood_34,l10n_py_locality_1,34,"SAN RAFAEL"
l10n_py_neighborhood_35,l10n_py_locality_1,35,"PINOZA"
l10n_py_neighborhood_36,l10n_py_locality_1,36,"LOS LAURELES"
l10n_py_neighborhood_37,l10n_py_locality_1,37,"SAN BLAS"
l10n_py_neighborhood_38,l10n_py_locality_1,38,"LOMA PYTA 'A'"
l10n_py_neighborhood_39,l10n_py_locality_1,39,"PETTIROSSI"
l10n_py_neighborhood_40,l10n_py_locality_1,40,"SAN CRISTOBAL"
l10n_py_neighborhood_41,l10n_py_locality_1,41,"CATEDRAL"
l10n_py_neighborhood_42,l10n_py_locality_1,42,"TERMINAL"
l10n_py_neighborhood_43,l10n_py_locality_1,43,"RECOLETA"
l10n_py_neighborhood_44,l10n_py_locality_1,44,"REPUBLICANO 'B'"
l10n_py_neighborhood_45,l10n_py_locality_1,45,"DE LA RESIDENTA 'B'"
l10n_py_neighborhood_46,l10n_py_locality_1,46,"ITA ENRAMADA 'B'"
l10n_py_neighborhood_47,l10n_py_locality_1,47,"NAZARETH"
l10n_py_neighborhood_48,l10n_py_locality_1,48,"CARLOS ANTONIO LOPEZ"
l10n_py_neighborhood_49,l10n_py_locality_1,49,"BAÑADO"
l10n_py_neighborhood_50,l10n_py_locality_1,50,"SAN ANTONIO"
l10n_py_neighborhood_51,l10n_py_locality_1,51,"BELLA VISTA"
l10n_py_neighborhood_52,l10n_py_locality_1,52,"YTAY"
l10n_py_neighborhood_53,l10n_py_locality_1,53,"MBURUCUYA"
l10n_py_neighborhood_54,l10n_py_locality_1,54,"RODRIGUEZ DE FRANCIA"
l10n_py_neighborhood_55,l10n_py_locality_1,55,"MARISCAL LOPEZ"
l10n_py_neighborhood_56,l10n_py_locality_1,56,"NTRA. SRA. DEL HUERTO"
l10n_py_neighborhood_57,l10n_py_locality_1,57,"SANTA ANA"
l10n_py_neighborhood_58,l10n_py_locality_1,58,"VILLA AURELIA"
l10n_py_neighborhood_59,l10n_py_locality_1,59,"SAN JORGE"
l10n_py_neighborhood_60,l10n_py_locality_1,60,"LOMA PYTA 'B'"
l10n_py_neighborhood_61,l10n_py_locality_1,61,"BOTANICO 'A'"
l10n_py_neighborhood_62,l10n_py_locality_1,62,"VIRGEN DE FATIMA"
l10n_py_neighborhood_63,l10n_py_locality_1,63,"SANTA ROSA"
l10n_py_neighborhood_64,l10n_py_locality_1,64,"SANTO DOMINGO"
l10n_py_neighborhood_65,l10n_py_locality_1,65,"SALVADOR DEL MUNDO"
l10n_py_neighborhood_66,l10n_py_locality_1,66,"BOTANICO 'B'"
l10n_py_neighborhood_67,l10n_py_locality_1,67,"MADAME LINCH"
l10n_py_neighborhood_68,l10n_py_locality_1,68,"TABLADA NUEVA"
l10n_py_neighborhood_69,l10n_py_locality_1,69,"ZEBALLOS CUE"
l10n_py_neighborhood_70,l10n_py_locality_1,70,"CAÑADA DEL YBYRAI"
l10n_py_neighborhood_1091,l10n_py_locality_1,1091,"DR. ROBERTO L. PETIT"
l10n_py_neighborhood_1092,l10n_py_locality_1,1092,"RICARDO BRUGADA"
l10n_py_neighborhood_1093,l10n_py_locality_1,1093,"SAN FELIPE"
l10n_py_neighborhood_1094,l10n_py_locality_1,1094,"VIRGEN DEL HUERTO"
l10n_py_neighborhood_1095,l10n_py_locality_1,1095,"BANCO SAN MIGUEL"
l10n_py_neighborhood_1096,l10n_py_locality_1,1096,"PIRIZAL"
l10n_py_neighborhood_1097,l10n_py_locality_1,1097,"PANAMBI RETA"
l10n_py_neighborhood_1098,l10n_py_locality_1,1098,"PANAMBI VERA"
l10n_py_neighborhood_1099,l10n_py_locality_1,1099,"LAS CARMELITAS"
l10n_py_neighborhood_1102,l10n_py_locality_1,1102,"SAN CAYETANO"
l10n_py_neighborhood_1103,l10n_py_locality_1,1103,"SANTA LIBRADA"
l10n_py_neighborhood_1104,l10n_py_locality_1,1104,"YUKYTY"
l10n_py_neighborhood_195,l10n_py_locality_3,195,"SAN JOSE OLERO"
l10n_py_neighborhood_196,l10n_py_locality_3,196,"CENTRO"
l10n_py_neighborhood_197,l10n_py_locality_3,197,"SAN ANTONIO"
l10n_py_neighborhood_198,l10n_py_locality_3,198,"SECTOR POLIDEPORTIVO"
l10n_py_neighborhood_199,l10n_py_locality_3,199,"SANTA MARIA"
l10n_py_neighborhood_200,l10n_py_locality_3,200,"JARDIN DE EUROPA"
l10n_py_neighborhood_201,l10n_py_locality_3,201,"PRIMAVERA"
l10n_py_neighborhood_202,l10n_py_locality_3,202,"FATIMA"
l10n_py_neighborhood_203,l10n_py_locality_3,203,"SAN FRANCISCO"
l10n_py_neighborhood_204,l10n_py_locality_3,204,"SANTO DOMINGO DE GUZMAN"
l10n_py_neighborhood_205,l10n_py_locality_3,205,"DEL BAÐADO"
l10n_py_neighborhood_206,l10n_py_locality_3,206,"OBRERO"
l10n_py_neighborhood_207,l10n_py_locality_3,207,"SAN LUIS"
l10n_py_neighborhood_208,l10n_py_locality_3,208,"VILLA ALTA"
l10n_py_neighborhood_209,l10n_py_locality_3,209,"INMACULADA"
l10n_py_neighborhood_210,l10n_py_locality_3,210,"VILLA ARMANDO"
l10n_py_neighborhood_211,l10n_py_locality_3,211,"FRACCION BERAUD"
l10n_py_neighborhood_212,l10n_py_locality_3,212,"ITACURUBI"
l10n_py_neighborhood_213,l10n_py_locality_994,213,"VIRGEN DE LA PAZ"
l10n_py_neighborhood_214,l10n_py_locality_994,214,"SALVADOR DEL MUNDO"
l10n_py_neighborhood_215,l10n_py_locality_994,215,"SANTO DOMINGO"
l10n_py_neighborhood_216,l10n_py_locality_994,216,"SAN RAFAEL"
l10n_py_neighborhood_222,l10n_py_locality_1014,222,"FATIMA"
l10n_py_neighborhood_223,l10n_py_locality_1014,223,"SANTO DOMINGO"
l10n_py_neighborhood_224,l10n_py_locality_1014,224,"CENTRO"
l10n_py_neighborhood_225,l10n_py_locality_1014,225,"SAN FRANCISCO"
l10n_py_neighborhood_217,l10n_py_locality_1046,217,"SAN ROQUE"
l10n_py_neighborhood_218,l10n_py_locality_1046,218,"INMACULADA"
l10n_py_neighborhood_219,l10n_py_locality_1046,219,"FATIMA"
l10n_py_neighborhood_220,l10n_py_locality_1046,220,"LAS PALMAS"
l10n_py_neighborhood_221,l10n_py_locality_1046,221,"SAN ANTONIO"
l10n_py_neighborhood_1100,l10n_py_locality_6423,1100,"CENTRO"
l10n_py_neighborhood_230,l10n_py_locality_1157,230,"SAN RAFAEL"
l10n_py_neighborhood_231,l10n_py_locality_1157,231,"NTRA. SRA. DE LA ASUNCION"
l10n_py_neighborhood_232,l10n_py_locality_1157,232,"INMACULADA CONCEPCION"
l10n_py_neighborhood_233,l10n_py_locality_1157,233,"SAN MIGUEL"
l10n_py_neighborhood_234,l10n_py_locality_1157,234,"SAN JOSE"
l10n_py_neighborhood_235,l10n_py_locality_1157,235,"ROQUE GONZALEZ"
l10n_py_neighborhood_236,l10n_py_locality_1157,236,"SANTA ANA"
l10n_py_neighborhood_237,l10n_py_locality_1157,237,"VIRGEN DE FATIMA"
l10n_py_neighborhood_238,l10n_py_locality_1157,238,"SAN RAMON"
l10n_py_neighborhood_226,l10n_py_locality_6165,226,"SAN RAMON"
l10n_py_neighborhood_227,l10n_py_locality_6165,227,"MARIA AUXILIADORA"
l10n_py_neighborhood_228,l10n_py_locality_6165,228,"VILLA REAL"
l10n_py_neighborhood_229,l10n_py_locality_6165,229,"SAN JUAN"
l10n_py_neighborhood_239,l10n_py_locality_174,239,"CURUZU CHICA"
l10n_py_neighborhood_240,l10n_py_locality_174,240,"VIRGEN DE FATIMA"
l10n_py_neighborhood_241,l10n_py_locality_174,241,"SANTO DOMINGO"
l10n_py_neighborhood_242,l10n_py_locality_174,242,"SAN ROQUE GONZALEZ"
l10n_py_neighborhood_248,l10n_py_locality_177,248,"SANTA LIBRADA"
l10n_py_neighborhood_249,l10n_py_locality_177,249,"SAN PEDRO"
l10n_py_neighborhood_250,l10n_py_locality_177,250,"PROGRESO"
l10n_py_neighborhood_251,l10n_py_locality_177,251,"VILLA NUEVA"
l10n_py_neighborhood_252,l10n_py_locality_177,252,"SAN JOSE"
l10n_py_neighborhood_253,l10n_py_locality_177,253,"AEROPUERTO"
l10n_py_neighborhood_254,l10n_py_locality_177,254,"SAN FRANCISCO"
l10n_py_neighborhood_255,l10n_py_locality_177,255,"CANADA"
l10n_py_neighborhood_256,l10n_py_locality_177,256,"FATIMA"
l10n_py_neighborhood_257,l10n_py_locality_177,257,"SANTA ISABEL"
l10n_py_neighborhood_258,l10n_py_locality_177,258,"SAN ANTONIO"
l10n_py_neighborhood_259,l10n_py_locality_206,259,"ZONA URBANA"
l10n_py_neighborhood_263,l10n_py_locality_2151,263,"SAN JOSE OBRERO"
l10n_py_neighborhood_264,l10n_py_locality_2151,264,"TAPIRACUAI"
l10n_py_neighborhood_265,l10n_py_locality_2151,265,"SANTA BARBARA"
l10n_py_neighborhood_266,l10n_py_locality_2151,266,"SAN ANTONIO"
l10n_py_neighborhood_267,l10n_py_locality_2151,267,"CORONEL MONGELOS"
l10n_py_neighborhood_268,l10n_py_locality_2151,268,"MONTE ALTO"
l10n_py_neighborhood_269,l10n_py_locality_2151,269,"DOS BOCAS"
l10n_py_neighborhood_260,l10n_py_locality_6183,260,"INMACULADA CONCEPCION"
l10n_py_neighborhood_261,l10n_py_locality_6183,261,"SAN FRANCISCO"
l10n_py_neighborhood_262,l10n_py_locality_6183,262,"SAN JOSE"
l10n_py_neighborhood_270,l10n_py_locality_501,270,"VIRGEN DEL CARMEN"
l10n_py_neighborhood_271,l10n_py_locality_501,271,"AMAMBAY"
l10n_py_neighborhood_272,l10n_py_locality_501,272,"SANTA ROSA"
l10n_py_neighborhood_273,l10n_py_locality_501,273,"SAN PEDRO"
l10n_py_neighborhood_274,l10n_py_locality_501,274,"MARIA AUXILIADORA"
l10n_py_neighborhood_275,l10n_py_locality_501,275,"NTRA SRA DE LA ASUNCION"
l10n_py_neighborhood_276,l10n_py_locality_1256,276,"MARIA GORETTI"
l10n_py_neighborhood_277,l10n_py_locality_1256,277,"SAN JOSE"
l10n_py_neighborhood_278,l10n_py_locality_1256,278,"SAN ROQUE"
l10n_py_neighborhood_279,l10n_py_locality_1256,279,"SANTA CATALINA"
l10n_py_neighborhood_280,l10n_py_locality_1312,280,"SANTA TERESITA"
l10n_py_neighborhood_281,l10n_py_locality_1312,281,"SAN BLAS"
l10n_py_neighborhood_282,l10n_py_locality_1312,282,"INMACULADA"
l10n_py_neighborhood_283,l10n_py_locality_1312,283,"SANTA MARIA GORETTI"
l10n_py_neighborhood_284,l10n_py_locality_1312,284,"SAN LUIS"
l10n_py_neighborhood_285,l10n_py_locality_1312,285,"SAN JOSE"
l10n_py_neighborhood_286,l10n_py_locality_1312,286,"PUERTO ROSARIO"
l10n_py_neighborhood_287,l10n_py_locality_1674,287,"SAGRADA FAMILIA"
l10n_py_neighborhood_288,l10n_py_locality_1674,288,"CENTRO"
l10n_py_neighborhood_289,l10n_py_locality_1674,289,"6 DE ENERO"
l10n_py_neighborhood_290,l10n_py_locality_1674,290,"SAN FRANCISCO"
l10n_py_neighborhood_291,l10n_py_locality_1674,291,"SAN JOSE"
l10n_py_neighborhood_243,l10n_py_locality_1692,243,"SANTISIMA TRINIDAD"
l10n_py_neighborhood_244,l10n_py_locality_1692,244,"SANTA LUCIA"
l10n_py_neighborhood_245,l10n_py_locality_1692,245,"SAN VICENTE"
l10n_py_neighborhood_246,l10n_py_locality_1692,246,"SANTA ANA"
l10n_py_neighborhood_247,l10n_py_locality_1692,247,"SAN ROQUE GONZALEZ"
l10n_py_neighborhood_292,l10n_py_locality_1710,292,"LOMA GUAZU"
l10n_py_neighborhood_293,l10n_py_locality_1710,293,"SAN MIGUEL"
l10n_py_neighborhood_294,l10n_py_locality_1710,294,"YBU"
l10n_py_neighborhood_295,l10n_py_locality_1710,295,"YBOTY"
l10n_py_neighborhood_296,l10n_py_locality_1710,296,"INDUSTRIAL"
l10n_py_neighborhood_297,l10n_py_locality_1710,297,"SAN BLAS"
l10n_py_neighborhood_298,l10n_py_locality_1710,298,"SANTA MARIA"
l10n_py_neighborhood_299,l10n_py_locality_1710,299,"DANIEL ESCURRA"
l10n_py_neighborhood_300,l10n_py_locality_1710,300,"SAN PABLO"
l10n_py_neighborhood_301,l10n_py_locality_1710,301,"SAN CAYETANO"
l10n_py_neighborhood_302,l10n_py_locality_1710,302,"GENERAL DIAZ"
l10n_py_neighborhood_303,l10n_py_locality_1710,303,"LOMA"
l10n_py_neighborhood_304,l10n_py_locality_1710,304,"POZO DE LA VIRGEN"
l10n_py_neighborhood_305,l10n_py_locality_1710,305,"ALEGRE"
l10n_py_neighborhood_306,l10n_py_locality_1710,306,"DEFENSORES DEL CHACO"
l10n_py_neighborhood_307,l10n_py_locality_1710,307,"KENNEDY"
l10n_py_neighborhood_308,l10n_py_locality_1710,308,"CENTRO"
l10n_py_neighborhood_309,l10n_py_locality_1710,309,"BUENA VISTA"
l10n_py_neighborhood_310,l10n_py_locality_1736,310,"VIRGEN DEL ROSARIO"
l10n_py_neighborhood_311,l10n_py_locality_1736,311,"CORAZON DE JESUS"
l10n_py_neighborhood_312,l10n_py_locality_1736,312,"MARIA AUXILIADORA"
l10n_py_neighborhood_313,l10n_py_locality_1736,313,"SAN BLAS"
l10n_py_neighborhood_314,l10n_py_locality_1750,314,"GENERAL AQUINO"
l10n_py_neighborhood_315,l10n_py_locality_1750,315,"CENTRO"
l10n_py_neighborhood_316,l10n_py_locality_1789,316,"MARIA AUXILIADORA"
l10n_py_neighborhood_317,l10n_py_locality_1789,317,"LAS MERCEDES"
l10n_py_neighborhood_318,l10n_py_locality_1789,318,"SAN ANTONIO"
l10n_py_neighborhood_319,l10n_py_locality_1789,319,"SAN BLAS"
l10n_py_neighborhood_320,l10n_py_locality_1789,320,"VILLA CONAVI"
l10n_py_neighborhood_321,l10n_py_locality_1801,321,"SAN MIGUEL"
l10n_py_neighborhood_322,l10n_py_locality_1801,322,"CRISTO REY"
l10n_py_neighborhood_323,l10n_py_locality_1801,323,"CENTRO"
l10n_py_neighborhood_324,l10n_py_locality_1801,324,"SAN JUAN"
l10n_py_neighborhood_325,l10n_py_locality_1823,325,"CENTRO"
l10n_py_neighborhood_326,l10n_py_locality_270,326,"INDUSTRIAL"
l10n_py_neighborhood_327,l10n_py_locality_270,327,"6 DE ENERO"
l10n_py_neighborhood_328,l10n_py_locality_270,328,"CARMENCITA"
l10n_py_neighborhood_329,l10n_py_locality_270,329,"SAN BLAS"
l10n_py_neighborhood_330,l10n_py_locality_270,330,"SAN ROQUE"
l10n_py_neighborhood_331,l10n_py_locality_270,331,"SANTA ROSA"
l10n_py_neighborhood_332,l10n_py_locality_270,332,"SAN RAFAEL"
l10n_py_neighborhood_333,l10n_py_locality_270,333,"SAGRADO CORAZON DE JESUS"
l10n_py_neighborhood_334,l10n_py_locality_270,334,"INMACULADA"
l10n_py_neighborhood_335,l10n_py_locality_270,335,"GRAL. BERNARDINO CABALLERO"
l10n_py_neighborhood_336,l10n_py_locality_270,336,"SAN JUAN BAUTISTA"
l10n_py_neighborhood_337,l10n_py_locality_6168,337,"SAN FRANCISCO"
l10n_py_neighborhood_338,l10n_py_locality_6168,338,"CENTRO"
l10n_py_neighborhood_339,l10n_py_locality_6168,339,"MARIA AUXLIADORA"
l10n_py_neighborhood_340,l10n_py_locality_6168,340,"SAN ANTONIO"
l10n_py_neighborhood_341,l10n_py_locality_6168,341,"SANTA LUCIA"
l10n_py_neighborhood_342,l10n_py_locality_300,342,"SOL NACIENTE"
l10n_py_neighborhood_343,l10n_py_locality_300,343,"VIRGEN DEL ROSARIO"
l10n_py_neighborhood_344,l10n_py_locality_300,344,"SAN ANTONIO"
l10n_py_neighborhood_345,l10n_py_locality_300,345,"3 DE MAYO"
l10n_py_neighborhood_346,l10n_py_locality_300,346,"SANTA LUCIA"
l10n_py_neighborhood_347,l10n_py_locality_300,347,"SAN BLAS"
l10n_py_neighborhood_348,l10n_py_locality_300,348,"SAN CARLOS"
l10n_py_neighborhood_349,l10n_py_locality_300,349,"SAN JOSE"
l10n_py_neighborhood_354,l10n_py_locality_873,354,"SAN BLAS I"
l10n_py_neighborhood_355,l10n_py_locality_873,355,"SAN BLAS II"
l10n_py_neighborhood_356,l10n_py_locality_873,356,"SANTA ANA"
l10n_py_neighborhood_357,l10n_py_locality_873,357,"CENTRO"
l10n_py_neighborhood_358,l10n_py_locality_873,358,"MARIA  AUXILIADORA"
l10n_py_neighborhood_359,l10n_py_locality_873,359,"VIRGEN DEL ROSARIO"
l10n_py_neighborhood_360,l10n_py_locality_881,360,"LIBERTAD"
l10n_py_neighborhood_361,l10n_py_locality_904,361,"CRISTOBAL COLON"
l10n_py_neighborhood_362,l10n_py_locality_904,362,"CASCO HISTORICO"
l10n_py_neighborhood_363,l10n_py_locality_904,363,"SANTA CLARA URBANIZACION"
l10n_py_neighborhood_364,l10n_py_locality_904,364,"SANTA ROSALINA"
l10n_py_neighborhood_365,l10n_py_locality_904,365,"BARRIO 5"
l10n_py_neighborhood_366,l10n_py_locality_904,366,"BARRIO 6"
l10n_py_neighborhood_367,l10n_py_locality_932,367,"CENTRO"
l10n_py_neighborhood_368,l10n_py_locality_932,368,"MERCADO"
l10n_py_neighborhood_369,l10n_py_locality_2062,369,"SAN ROQUE"
l10n_py_neighborhood_370,l10n_py_locality_2062,370,"CENTRO"
l10n_py_neighborhood_371,l10n_py_locality_2062,371,"SANTA LUCIA"
l10n_py_neighborhood_372,l10n_py_locality_2062,372,"SAN BLAS"
l10n_py_neighborhood_373,l10n_py_locality_2062,373,"SAN ANTONIO"
l10n_py_neighborhood_374,l10n_py_locality_2062,374,"VIRGEN DE FATIMA"
l10n_py_neighborhood_375,l10n_py_locality_2062,375,"SAN FRANCISCO"
l10n_py_neighborhood_376,l10n_py_locality_2062,376,"SANTA TERESITA"
l10n_py_neighborhood_377,l10n_py_locality_2062,377,"INMACULADA CONCEPCION"
l10n_py_neighborhood_378,l10n_py_locality_2062,378,"MARIA AUXILIADORA"
l10n_py_neighborhood_379,l10n_py_locality_2062,379,"SAN JOSE"
l10n_py_neighborhood_380,l10n_py_locality_2062,380,"VIRGEN DE LOS REMEDIOS"
l10n_py_neighborhood_381,l10n_py_locality_2062,381,"SAN PEDRO"
l10n_py_neighborhood_350,l10n_py_locality_2111,350,"SAN FRANCISCO"
l10n_py_neighborhood_351,l10n_py_locality_2111,351,"MARIA AUXILIADORA"
l10n_py_neighborhood_352,l10n_py_locality_2111,352,"MARISCAL ESTIGARRIBIA"
l10n_py_neighborhood_353,l10n_py_locality_2111,353,"SAN MIGUEL"
l10n_py_neighborhood_382,l10n_py_locality_2132,382,"LIBERTAD"
l10n_py_neighborhood_383,l10n_py_locality_2657,383,"TUYUTI MI"
l10n_py_neighborhood_384,l10n_py_locality_2657,384,"YBAROTY"
l10n_py_neighborhood_385,l10n_py_locality_2657,385,"SAN MIGUEL"
l10n_py_neighborhood_386,l10n_py_locality_2657,386,"LOMAS VALENTINAS"
l10n_py_neighborhood_387,l10n_py_locality_2657,387,"CENTRO"
l10n_py_neighborhood_388,l10n_py_locality_2657,388,"ESTACION"
l10n_py_neighborhood_389,l10n_py_locality_2657,389,"SANTA LIBRADA"
l10n_py_neighborhood_390,l10n_py_locality_2657,390,"SANTA LUCIA"
l10n_py_neighborhood_398,l10n_py_locality_2741,398,"SAN ISIDRO"
l10n_py_neighborhood_399,l10n_py_locality_2741,399,"CORAZON DE JESUS"
l10n_py_neighborhood_400,l10n_py_locality_2741,400,"SAN BLAS"
l10n_py_neighborhood_401,l10n_py_locality_2741,401,"SAN PATRICIO"
l10n_py_neighborhood_402,l10n_py_locality_2741,402,"KM 29"
l10n_py_neighborhood_403,l10n_py_locality_2741,403,"SAN ANTONIO"
l10n_py_neighborhood_413,l10n_py_locality_2781,413,"CENTRO"
l10n_py_neighborhood_391,l10n_py_locality_2819,391,"JESUS MISERICORDIOSO"
l10n_py_neighborhood_392,l10n_py_locality_2819,392,"VIRGEN DEL HUERTO"
l10n_py_neighborhood_393,l10n_py_locality_2819,393,"SAN MIGUEL"
l10n_py_neighborhood_394,l10n_py_locality_2819,394,"CENTRO"
l10n_py_neighborhood_395,l10n_py_locality_2819,395,"SANTA ROSA"
l10n_py_neighborhood_396,l10n_py_locality_2819,396,"SAN BLAS"
l10n_py_neighborhood_397,l10n_py_locality_2819,397,"LOMA CLAVEL"
l10n_py_neighborhood_404,l10n_py_locality_2821,404,"DULCE NOMBRE"
l10n_py_neighborhood_405,l10n_py_locality_2821,405,"SAN ISIDRO"
l10n_py_neighborhood_406,l10n_py_locality_2821,406,"INMACULADA"
l10n_py_neighborhood_407,l10n_py_locality_2821,407,"CORAZON DE JESUS"
l10n_py_neighborhood_408,l10n_py_locality_2827,408,"SAN FRANCISCO"
l10n_py_neighborhood_409,l10n_py_locality_2827,409,"SAN JUAN"
l10n_py_neighborhood_410,l10n_py_locality_2827,410,"SAN LUIS"
l10n_py_neighborhood_411,l10n_py_locality_2827,411,"SAN ANTONIO"
l10n_py_neighborhood_412,l10n_py_locality_2827,412,"SAN ROQUE"
l10n_py_neighborhood_414,l10n_py_locality_2845,414,"VIRGEN DE LA ASUNCION"
l10n_py_neighborhood_415,l10n_py_locality_2845,415,"VIRGEN DEL ROSARIO"
l10n_py_neighborhood_416,l10n_py_locality_2845,416,"MARIA AUXILIADORA"
l10n_py_neighborhood_417,l10n_py_locality_2845,417,"SANTA LIBRADA"
l10n_py_neighborhood_418,l10n_py_locality_2851,418,"IGLESIA"
l10n_py_neighborhood_419,l10n_py_locality_2851,419,"VIRGEN DEL ROSARIO"
l10n_py_neighborhood_420,l10n_py_locality_2851,420,"ESCUELA"
l10n_py_neighborhood_421,l10n_py_locality_2851,421,"SAN PEDRO"
l10n_py_neighborhood_422,l10n_py_locality_2866,422,"ARROYITO"
l10n_py_neighborhood_423,l10n_py_locality_2866,423,"CENTRAL"
l10n_py_neighborhood_424,l10n_py_locality_2866,424,"COLEGIAL"
l10n_py_neighborhood_425,l10n_py_locality_2866,425,"CRUZ DEL SUR"
l10n_py_neighborhood_426,l10n_py_locality_2874,426,"TAJAMAR"
l10n_py_neighborhood_427,l10n_py_locality_2874,427,"ALEGRE"
l10n_py_neighborhood_428,l10n_py_locality_2874,428,"LAGUNA"
l10n_py_neighborhood_429,l10n_py_locality_2874,429,"JUVENTUD"
l10n_py_neighborhood_430,l10n_py_locality_2874,430,"COSMOS"
l10n_py_neighborhood_431,l10n_py_locality_2881,431,"CENTRO"
l10n_py_neighborhood_432,l10n_py_locality_4595,432,"8 DE DICIEMBRE"
l10n_py_neighborhood_433,l10n_py_locality_4595,433,"CENTRO"
l10n_py_neighborhood_434,l10n_py_locality_4595,434,"SAN COSME"
l10n_py_neighborhood_435,l10n_py_locality_2886,435,"CERRITO RUGUA"
l10n_py_neighborhood_436,l10n_py_locality_2886,436,"BOQUERON"
l10n_py_neighborhood_437,l10n_py_locality_2886,437,"JOSE ALFONSO GODOY"
l10n_py_neighborhood_438,l10n_py_locality_2886,438,"SAN ISIDRO"
l10n_py_neighborhood_439,l10n_py_locality_2886,439,"1RO. DE MARZO"
l10n_py_neighborhood_440,l10n_py_locality_2886,440,"12 DE JUNIO"
l10n_py_neighborhood_441,l10n_py_locality_2886,441,"CENTRO"
l10n_py_neighborhood_442,l10n_py_locality_2886,442,"SAN MIGUEL"
l10n_py_neighborhood_443,l10n_py_locality_2886,443,"CAPITAN ROA"
l10n_py_neighborhood_444,l10n_py_locality_2886,444,"COSTA ALEGRE"
l10n_py_neighborhood_445,l10n_py_locality_2886,445,"AZUCENA"
l10n_py_neighborhood_446,l10n_py_locality_2886,446,"GRAL. BERNARDINO CABALLERO"
l10n_py_neighborhood_447,l10n_py_locality_2988,447,"IPVU"
l10n_py_neighborhood_448,l10n_py_locality_2988,448,"INMACULADA CONCEPCION"
l10n_py_neighborhood_449,l10n_py_locality_2988,449,"SAN ROQUE"
l10n_py_neighborhood_450,l10n_py_locality_2988,450,"FLORIDA"
l10n_py_neighborhood_451,l10n_py_locality_2988,451,"GRAL. BERNARDINO CABALLERO"
l10n_py_neighborhood_452,l10n_py_locality_2988,452,"SAN RAFAEL"
l10n_py_neighborhood_453,l10n_py_locality_2988,453,"SANTA ISABEL"
l10n_py_neighborhood_454,l10n_py_locality_2988,454,"VILLA MARGARITA"
l10n_py_neighborhood_455,l10n_py_locality_2988,455,"TACURU"
l10n_py_neighborhood_456,l10n_py_locality_2988,456,"TORO BLANCO"
l10n_py_neighborhood_457,l10n_py_locality_2988,457,"CENTENARIO"
l10n_py_neighborhood_458,l10n_py_locality_2988,458,"CENTRO"
l10n_py_neighborhood_459,l10n_py_locality_2988,459,"SAN LORENZO"
l10n_py_neighborhood_460,l10n_py_locality_2988,460,"EMPALADO"
l10n_py_neighborhood_461,l10n_py_locality_3151,461,"CENTRO"
l10n_py_neighborhood_462,l10n_py_locality_3151,462,"SAN FRANCISCO"
l10n_py_neighborhood_463,l10n_py_locality_3151,463,"SAN JUAN DE LAS MERCEDES"
l10n_py_neighborhood_464,l10n_py_locality_3181,464,"MARIA AUXILIADORA"
l10n_py_neighborhood_465,l10n_py_locality_3181,465,"SAN JOSE"
l10n_py_neighborhood_466,l10n_py_locality_3181,466,"SAN MIGUEL"
l10n_py_neighborhood_467,l10n_py_locality_3181,467,"SAN LUIS"
l10n_py_neighborhood_468,l10n_py_locality_3181,468,"CAACUPE"
l10n_py_neighborhood_469,l10n_py_locality_3181,469,"FATIMA"
l10n_py_neighborhood_470,l10n_py_locality_3181,470,"CORAZON DE JESUS"
l10n_py_neighborhood_474,l10n_py_locality_3222,474,"ZONA URBANA"
l10n_py_neighborhood_475,l10n_py_locality_561,475,"VIRGEN DEL CARMEN"
l10n_py_neighborhood_476,l10n_py_locality_561,476,"SANTA RITA"
l10n_py_neighborhood_477,l10n_py_locality_561,477,"SAN JUAN"
l10n_py_neighborhood_478,l10n_py_locality_561,478,"SAN BLAS"
l10n_py_neighborhood_471,l10n_py_locality_731,471,"SAN FRANCISCO"
l10n_py_neighborhood_472,l10n_py_locality_731,472,"CENTRO"
l10n_py_neighborhood_473,l10n_py_locality_731,473,"SAN BLAS"
l10n_py_neighborhood_479,l10n_py_locality_752,479,"MARIA AUXILIADORA"
l10n_py_neighborhood_480,l10n_py_locality_752,480,"SAN BLAS"
l10n_py_neighborhood_481,l10n_py_locality_752,481,"SAN JORGE"
l10n_py_neighborhood_482,l10n_py_locality_752,482,"VIRGEN SERRANA"
l10n_py_neighborhood_483,l10n_py_locality_752,483,"LA FORTUNA"
l10n_py_neighborhood_484,l10n_py_locality_752,484,"SANTA LIBRADA"
l10n_py_neighborhood_485,l10n_py_locality_752,485,"SANTA CATALINA"
l10n_py_neighborhood_486,l10n_py_locality_752,486,"SAN FRANCISCO"
l10n_py_neighborhood_491,l10n_py_locality_4365,491,"SAN ANTONIO"
l10n_py_neighborhood_492,l10n_py_locality_4365,492,"SAN LUIS"
l10n_py_neighborhood_493,l10n_py_locality_4365,493,"CRISTO REY"
l10n_py_neighborhood_494,l10n_py_locality_4365,494,"CORAZON DE JESUS"
l10n_py_neighborhood_495,l10n_py_locality_4365,495,"SAN ISIDRO"
l10n_py_neighborhood_496,l10n_py_locality_4384,496,"SAN ANTONIO"
l10n_py_neighborhood_497,l10n_py_locality_4384,497,"SAN JOSE"
l10n_py_neighborhood_498,l10n_py_locality_4384,498,"SAN MARCOS"
l10n_py_neighborhood_499,l10n_py_locality_4473,499,"SAN LUIS"
l10n_py_neighborhood_500,l10n_py_locality_4473,500,"SAN VICENTE"
l10n_py_neighborhood_501,l10n_py_locality_4473,501,"CENTRAL"
l10n_py_neighborhood_502,l10n_py_locality_4473,502,"SAN JOSE"
l10n_py_neighborhood_503,l10n_py_locality_4473,503,"SAGRADO CORAZON"
l10n_py_neighborhood_504,l10n_py_locality_4473,504,"SAN AGUSTIN"
l10n_py_neighborhood_487,l10n_py_locality_4559,487,"SAN VALENTIN"
l10n_py_neighborhood_488,l10n_py_locality_4559,488,"SANTA ROSA"
l10n_py_neighborhood_489,l10n_py_locality_4559,489,"CENTRO"
l10n_py_neighborhood_490,l10n_py_locality_4559,490,"CORAZON DE JESUS"
l10n_py_neighborhood_505,l10n_py_locality_4571,505,"SAN SINFORIANO"
l10n_py_neighborhood_506,l10n_py_locality_4571,506,"SAN LUIS"
l10n_py_neighborhood_507,l10n_py_locality_4571,507,"CAACUPE"
l10n_py_neighborhood_508,l10n_py_locality_4571,508,"FATIMA"
l10n_py_neighborhood_509,l10n_py_locality_2223,509,"MARIA GORETTI"
l10n_py_neighborhood_510,l10n_py_locality_2223,510,"SANTO DOMINGO"
l10n_py_neighborhood_511,l10n_py_locality_2223,511,"SAN LUIS"
l10n_py_neighborhood_512,l10n_py_locality_2223,512,"SANTA INES"
l10n_py_neighborhood_513,l10n_py_locality_2252,513,"BOQUERON"
l10n_py_neighborhood_514,l10n_py_locality_2252,514,"SAN BLAS"
l10n_py_neighborhood_515,l10n_py_locality_2252,515,"SAN JOSE"
l10n_py_neighborhood_516,l10n_py_locality_2252,516,"BARRIL PASO"
l10n_py_neighborhood_517,l10n_py_locality_2252,517,"SANTA ROSA"
l10n_py_neighborhood_518,l10n_py_locality_2252,518,"PADRE BOLIK"
l10n_py_neighborhood_519,l10n_py_locality_2252,519,"GENERAL CABALLERO"
l10n_py_neighborhood_520,l10n_py_locality_2252,520,"LA PAZ"
l10n_py_neighborhood_521,l10n_py_locality_2252,521,"IPVU"
l10n_py_neighborhood_522,l10n_py_locality_2252,522,"VILLA CANDIDA"
l10n_py_neighborhood_523,l10n_py_locality_2252,523,"POLI-Y"
l10n_py_neighborhood_524,l10n_py_locality_2252,524,"INMACULADA CONCEPCION"
l10n_py_neighborhood_525,l10n_py_locality_2252,525,"BUENA VISTA"
l10n_py_neighborhood_526,l10n_py_locality_2252,526,"MBOY CAE"
l10n_py_neighborhood_527,l10n_py_locality_2252,527,"KENNEDY"
l10n_py_neighborhood_528,l10n_py_locality_2252,528,"MARAI AUXILIADORA"
l10n_py_neighborhood_529,l10n_py_locality_2252,529,"CAAGUY RORY"
l10n_py_neighborhood_530,l10n_py_locality_2252,530,"QUITERIA"
l10n_py_neighborhood_531,l10n_py_locality_2252,531,"SAN PEDRO"
l10n_py_neighborhood_532,l10n_py_locality_2252,532,"SANTA MARIA"
l10n_py_neighborhood_533,l10n_py_locality_2252,533,"NUEVA ESPERANZA"
l10n_py_neighborhood_534,l10n_py_locality_2252,534,"SAN ISIDRO"
l10n_py_neighborhood_535,l10n_py_locality_2252,535,"JUAN LEON MALLORQUIN"
l10n_py_neighborhood_536,l10n_py_locality_2252,536,"LA VICTORIA"
l10n_py_neighborhood_537,l10n_py_locality_2252,537,"OBRERO"
l10n_py_neighborhood_538,l10n_py_locality_2252,538,"SAN ROQUE GONZALEZ"
l10n_py_neighborhood_539,l10n_py_locality_2252,539,"PACU CUA"
l10n_py_neighborhood_540,l10n_py_locality_2252,540,"CARLOS ANTONIO LOPEZ"
l10n_py_neighborhood_541,l10n_py_locality_2252,541,"CATEDRAL"
l10n_py_neighborhood_542,l10n_py_locality_2290,542,"8 DE DICIEMBRE"
l10n_py_neighborhood_543,l10n_py_locality_2290,543,"NIÐO JESUS"
l10n_py_neighborhood_544,l10n_py_locality_2290,544,"CENTRO"
l10n_py_neighborhood_545,l10n_py_locality_2290,545,"OBRERO"
l10n_py_neighborhood_546,l10n_py_locality_2290,546,"TISCHLER"
l10n_py_neighborhood_547,l10n_py_locality_2290,547,"CONAVI"
l10n_py_neighborhood_548,l10n_py_locality_3986,548,"SAN MIGUEL"
l10n_py_neighborhood_549,l10n_py_locality_3986,549,"LOMA CLAVEL"
l10n_py_neighborhood_550,l10n_py_locality_3986,550,"SAN ISIDRO"
l10n_py_neighborhood_551,l10n_py_locality_3986,551,"SAN ROQUE"
l10n_py_neighborhood_552,l10n_py_locality_3986,552,"SAN BLAS"
l10n_py_neighborhood_553,l10n_py_locality_3986,553,"OBRERÊ"
l10n_py_neighborhood_554,l10n_py_locality_4019,554,"SANTA CLARA"
l10n_py_neighborhood_555,l10n_py_locality_4019,555,"SANTA ROSA"
l10n_py_neighborhood_556,l10n_py_locality_4019,556,"SAN BLAS"
l10n_py_neighborhood_557,l10n_py_locality_4019,557,"SANTA LIBRADA"
l10n_py_neighborhood_558,l10n_py_locality_4078,558,"SAN ANTONIO"
l10n_py_neighborhood_559,l10n_py_locality_4078,559,"SAN FRANCISCO"
l10n_py_neighborhood_560,l10n_py_locality_4078,560,"SAN CAYETANO"
l10n_py_neighborhood_561,l10n_py_locality_4078,561,"SAN RAMON"
l10n_py_neighborhood_562,l10n_py_locality_4078,562,"ITAPE"
l10n_py_neighborhood_563,l10n_py_locality_4078,563,"SAN CRISTOBAL"
l10n_py_neighborhood_564,l10n_py_locality_4078,564,"OBRERO"
l10n_py_neighborhood_565,l10n_py_locality_4078,565,"8 DE DICIEMBRE"
l10n_py_neighborhood_566,l10n_py_locality_1861,566,"URBANO1"
l10n_py_neighborhood_567,l10n_py_locality_1861,567,"URNANO2"
l10n_py_neighborhood_568,l10n_py_locality_1861,568,"URBANO3"
l10n_py_neighborhood_569,l10n_py_locality_1861,569,"URBANO4"
l10n_py_neighborhood_570,l10n_py_locality_1895,570,"SAN ROQUE GONZALEZ"
l10n_py_neighborhood_571,l10n_py_locality_1895,571,"VIRGEN DE CAACUPE"
l10n_py_neighborhood_572,l10n_py_locality_1895,572,"NORTE"
l10n_py_neighborhood_577,l10n_py_locality_1982,577,"KAAGUY RORY"
l10n_py_neighborhood_578,l10n_py_locality_1982,578,"SAN MIGUEL"
l10n_py_neighborhood_579,l10n_py_locality_1982,579,"CENTRO"
l10n_py_neighborhood_580,l10n_py_locality_1982,580,"CAACUPE"
l10n_py_neighborhood_581,l10n_py_locality_1982,581,"VILLA PERMANENTE"
l10n_py_neighborhood_582,l10n_py_locality_1982,582,"NAINGUA"
l10n_py_neighborhood_583,l10n_py_locality_1982,583,"RIVERA"
l10n_py_neighborhood_584,l10n_py_locality_1374,584,"SAN FRANCISCO"
l10n_py_neighborhood_585,l10n_py_locality_1374,585,"SAN JOSE"
l10n_py_neighborhood_586,l10n_py_locality_1374,586,"SAN ANTONIO"
l10n_py_neighborhood_587,l10n_py_locality_1374,587,"SAN MIGUEL"
l10n_py_neighborhood_588,l10n_py_locality_1374,588,"SANTA ROSA"
l10n_py_neighborhood_589,l10n_py_locality_1374,589,"CENTRAL"
l10n_py_neighborhood_590,l10n_py_locality_1374,590,"SANTA CATALINA"
l10n_py_neighborhood_591,l10n_py_locality_1374,591,"FATIMA"
l10n_py_neighborhood_573,l10n_py_locality_1471,573,"REPUBLICANO"
l10n_py_neighborhood_574,l10n_py_locality_1471,574,"8 DE DICIEMBRE"
l10n_py_neighborhood_575,l10n_py_locality_1471,575,"DEFENSORES DEL CHACO"
l10n_py_neighborhood_576,l10n_py_locality_1471,576,"UNIVERSITARIO"
l10n_py_neighborhood_592,l10n_py_locality_5698,592,"SAN BLAS"
l10n_py_neighborhood_593,l10n_py_locality_5698,593,"SAN FRANCISCO"
l10n_py_neighborhood_594,l10n_py_locality_5698,594,"CENTRO"
l10n_py_neighborhood_595,l10n_py_locality_5698,595,"OBRERO"
l10n_py_neighborhood_596,l10n_py_locality_5698,596,"SAN MIGUEL"
l10n_py_neighborhood_597,l10n_py_locality_1531,597,"SAN FRANCISCO"
l10n_py_neighborhood_598,l10n_py_locality_1531,598,"GENERAL DIAZ"
l10n_py_neighborhood_599,l10n_py_locality_1531,599,"CENTRO"
l10n_py_neighborhood_600,l10n_py_locality_1531,600,"SANTA MARIA DE LOURDES"
l10n_py_neighborhood_601,l10n_py_locality_1531,601,"SAN ANTONIO"
l10n_py_neighborhood_602,l10n_py_locality_1531,602,"SANTA ROSA DE LIMA"
l10n_py_neighborhood_603,l10n_py_locality_1531,603,"SAN MIGUEL"
l10n_py_neighborhood_604,l10n_py_locality_1531,604,"OBRERO"
l10n_py_neighborhood_605,l10n_py_locality_1531,605,"GENERAL CABALLERO"
l10n_py_neighborhood_606,l10n_py_locality_1531,606,"UNIVERSITARIO"
l10n_py_neighborhood_607,l10n_py_locality_1531,607,"CONCEPCION"
l10n_py_neighborhood_608,l10n_py_locality_1531,608,"BOQUERON"
l10n_py_neighborhood_609,l10n_py_locality_1531,609,"NUESTRA SENORA DE LA ASUNCION"
l10n_py_neighborhood_610,l10n_py_locality_1538,610,"NUCLEO 02"
l10n_py_neighborhood_611,l10n_py_locality_1538,611,"NUCLEO 01"
l10n_py_neighborhood_612,l10n_py_locality_1538,612,"VILLA PERMANENTE 2"
l10n_py_neighborhood_613,l10n_py_locality_1538,613,"VILLA PERMANENTE"
l10n_py_neighborhood_614,l10n_py_locality_1538,614,"SAN JOSE OBRERO"
l10n_py_neighborhood_615,l10n_py_locality_1538,615,"MARIA GRACIELA"
l10n_py_neighborhood_616,l10n_py_locality_1538,616,"SAN ANTONIO"
l10n_py_neighborhood_617,l10n_py_locality_1538,617,"SAN JOSE MI"
l10n_py_neighborhood_618,l10n_py_locality_1538,618,"STA. ROSA DE LIMA"
l10n_py_neighborhood_619,l10n_py_locality_1575,619,"LOMA CLAVEL"
l10n_py_neighborhood_620,l10n_py_locality_1575,620,"RESISTENCIA"
l10n_py_neighborhood_621,l10n_py_locality_1575,621,"LOURDES"
l10n_py_neighborhood_622,l10n_py_locality_1575,622,"SAN FRANCISCO"
l10n_py_neighborhood_623,l10n_py_locality_1575,623,"SAN JOSE"
l10n_py_neighborhood_624,l10n_py_locality_1575,624,"SAN SALVADOR"
l10n_py_neighborhood_625,l10n_py_locality_1575,625,"SAN ROQUE"
l10n_py_neighborhood_626,l10n_py_locality_1575,626,"MARIA AUXILIADORA"
l10n_py_neighborhood_627,l10n_py_locality_1575,627,"SAN VICENTE"
l10n_py_neighborhood_628,l10n_py_locality_1575,628,"SANTO ANGEL"
l10n_py_neighborhood_629,l10n_py_locality_1608,629,"BARRIO 1"
l10n_py_neighborhood_630,l10n_py_locality_1608,630,"BARRIO 2"
l10n_py_neighborhood_631,l10n_py_locality_1608,631,"BARRIO 3"
l10n_py_neighborhood_632,l10n_py_locality_1608,632,"BARRIO 4"
l10n_py_neighborhood_633,l10n_py_locality_3881,633,"MANGA YVYRA"
l10n_py_neighborhood_634,l10n_py_locality_3881,634,"SAN MIGUEL"
l10n_py_neighborhood_635,l10n_py_locality_3881,635,"SAN ISIDRO"
l10n_py_neighborhood_636,l10n_py_locality_3881,636,"MANGA ITA"
l10n_py_neighborhood_637,l10n_py_locality_3881,637,"CENTRAL"
l10n_py_neighborhood_638,l10n_py_locality_3910,638,"BARRIO 1"
l10n_py_neighborhood_639,l10n_py_locality_3910,639,"BARRIO 2"
l10n_py_neighborhood_640,l10n_py_locality_3910,640,"BARRIO 3"
l10n_py_neighborhood_641,l10n_py_locality_5774,641,"MONSENOR BOGARIN"
l10n_py_neighborhood_642,l10n_py_locality_5774,642,"MONSENOR CARDENS"
l10n_py_neighborhood_643,l10n_py_locality_5774,643,"CENTRAL"
l10n_py_neighborhood_644,l10n_py_locality_5774,644,"15 DE AGOSTO"
l10n_py_neighborhood_645,l10n_py_locality_5774,645,"SAN ALFONSO"
l10n_py_neighborhood_646,l10n_py_locality_5774,646,"SAN BLAS"
l10n_py_neighborhood_647,l10n_py_locality_3937,647,"SAN SALVADOR"
l10n_py_neighborhood_648,l10n_py_locality_3937,648,"SAN ROQUE"
l10n_py_neighborhood_649,l10n_py_locality_3937,649,"SANTA LIBRADA"
l10n_py_neighborhood_650,l10n_py_locality_3937,650,"SAGRADO CORAZON DE JESUS"
l10n_py_neighborhood_651,l10n_py_locality_3937,651,"CENTRAL"
l10n_py_neighborhood_652,l10n_py_locality_3937,652,"ESPIRITU SANTO"
l10n_py_neighborhood_653,l10n_py_locality_5098,653,"MARIA AUXILIADORA"
l10n_py_neighborhood_654,l10n_py_locality_5098,654,"SANTA ROSA"
l10n_py_neighborhood_655,l10n_py_locality_5098,655,"VIRGEN DE FATIMA"
l10n_py_neighborhood_656,l10n_py_locality_5098,656,"SAN LUIS"
l10n_py_neighborhood_657,l10n_py_locality_5098,657,"8 DE DICIEMBRE"
l10n_py_neighborhood_658,l10n_py_locality_5098,658,"SAN JOSE"
l10n_py_neighborhood_659,l10n_py_locality_5131,659,"SANTO DOMINGO"
l10n_py_neighborhood_660,l10n_py_locality_5131,660,"SAN MIGUEL"
l10n_py_neighborhood_661,l10n_py_locality_5131,661,"SAN FRANCISCO"
l10n_py_neighborhood_662,l10n_py_locality_5131,662,"VIRGEN DEL CARMEN"
l10n_py_neighborhood_663,l10n_py_locality_5131,663,"SAN JOSE"
l10n_py_neighborhood_664,l10n_py_locality_5131,664,"SAN BLAS"
l10n_py_neighborhood_665,l10n_py_locality_5131,665,"CENTRAL"
l10n_py_neighborhood_666,l10n_py_locality_5131,666,"MARIA AUXILIADORA"
l10n_py_neighborhood_667,l10n_py_locality_5131,667,"SAN ROQUE"
l10n_py_neighborhood_668,l10n_py_locality_5147,668,"SANTA CATALINA"
l10n_py_neighborhood_669,l10n_py_locality_5147,669,"VIRGEN DEL CARMEN"
l10n_py_neighborhood_670,l10n_py_locality_5147,670,"VIRGEN DE FATIMA"
l10n_py_neighborhood_671,l10n_py_locality_5147,671,"SAN JOSE"
l10n_py_neighborhood_672,l10n_py_locality_5147,672,"SAN FRANCISCO"
l10n_py_neighborhood_673,l10n_py_locality_5191,673,"ITATI 2"
l10n_py_neighborhood_674,l10n_py_locality_5191,674,"INMACULADA CONCEPCION"
l10n_py_neighborhood_675,l10n_py_locality_5191,675,"VIRGEN DE ITATI"
l10n_py_neighborhood_676,l10n_py_locality_5191,676,"VIRGEN DE LOS DOLORES"
l10n_py_neighborhood_677,l10n_py_locality_5191,677,"PERPETUO SOCORRO"
l10n_py_neighborhood_678,l10n_py_locality_5191,678,"VIRGEN DE LOURDES"
l10n_py_neighborhood_679,l10n_py_locality_5191,679,"SANTA TERESITA"
l10n_py_neighborhood_680,l10n_py_locality_5191,680,"VIRGEN DEL ROSARIO"
l10n_py_neighborhood_681,l10n_py_locality_5191,681,"VIRGEN DE FATIMA"
l10n_py_neighborhood_682,l10n_py_locality_5191,682,"MARIA AUXILIADORA"
l10n_py_neighborhood_683,l10n_py_locality_5191,683,"VIRGEN DEL CARMEN"
l10n_py_neighborhood_684,l10n_py_locality_5208,684,"BARRIO1"
l10n_py_neighborhood_685,l10n_py_locality_5208,685,"BARRIO2"
l10n_py_neighborhood_686,l10n_py_locality_5208,686,"BARRIO3"
l10n_py_neighborhood_687,l10n_py_locality_5208,687,"BARRIO4"
l10n_py_neighborhood_688,l10n_py_locality_5240,688,"SAGRADA FAMILIA"
l10n_py_neighborhood_689,l10n_py_locality_5240,689,"GRAL. BENARDINO CABALLERO"
l10n_py_neighborhood_690,l10n_py_locality_5240,690,"SANTA MARIA"
l10n_py_neighborhood_691,l10n_py_locality_5240,691,"SAN LORENZO"
l10n_py_neighborhood_692,l10n_py_locality_5240,692,"SAGRADO CORAZON DE JESUS"
l10n_py_neighborhood_696,l10n_py_locality_5260,696,"INMACULADA CONCEPCION"
l10n_py_neighborhood_697,l10n_py_locality_5260,697,"SAGRADO CORAZON DE JESUS"
l10n_py_neighborhood_698,l10n_py_locality_5260,698,"SAN VICENTE"
l10n_py_neighborhood_699,l10n_py_locality_5260,699,"VIRGEN DEL ROSARIO"
l10n_py_neighborhood_700,l10n_py_locality_5276,700,"PLANTA URBANA"
l10n_py_neighborhood_701,l10n_py_locality_5276,701,"TIERRA NEGRA"
l10n_py_neighborhood_702,l10n_py_locality_5276,702,"MBOCAYA"
l10n_py_neighborhood_709,l10n_py_locality_5279,709,"VIRGEN DE FATIMA"
l10n_py_neighborhood_710,l10n_py_locality_5279,710,"SAN FRANCISCO"
l10n_py_neighborhood_711,l10n_py_locality_5279,711,"SAN JOSE"
l10n_py_neighborhood_712,l10n_py_locality_5279,712,"SANTA ROSA"
l10n_py_neighborhood_713,l10n_py_locality_5279,713,"SANTA TERESA"
l10n_py_neighborhood_693,l10n_py_locality_5339,693,"SAN MIGUEL"
l10n_py_neighborhood_694,l10n_py_locality_5339,694,"SAN PEDRO Y SAN PABLO"
l10n_py_neighborhood_695,l10n_py_locality_5339,695,"CENTRAL"
l10n_py_neighborhood_714,l10n_py_locality_5366,714,"SAGRADO CORAZON DE JESUS"
l10n_py_neighborhood_715,l10n_py_locality_5366,715,"SAN ROQUE"
l10n_py_neighborhood_716,l10n_py_locality_5366,716,"VIRGEN DEL ROSARIO"
l10n_py_neighborhood_717,l10n_py_locality_5366,717,"FATIMA"
l10n_py_neighborhood_703,l10n_py_locality_5367,703,"CENTRO"
l10n_py_neighborhood_704,l10n_py_locality_5387,704,"SAN FRANCISCO"
l10n_py_neighborhood_705,l10n_py_locality_5387,705,"SAN ROQUE"
l10n_py_neighborhood_706,l10n_py_locality_5387,706,"SANTA LIBRADA"
l10n_py_neighborhood_707,l10n_py_locality_5387,707,"SAN MIGUEL"
l10n_py_neighborhood_708,l10n_py_locality_5387,708,"SAN JOSE"
l10n_py_neighborhood_765,l10n_py_locality_5400,765,"SAN ANTONIO"
l10n_py_neighborhood_766,l10n_py_locality_5400,766,"SAN PABLO"
l10n_py_neighborhood_767,l10n_py_locality_5400,767,"SANTO DOMINGO"
l10n_py_neighborhood_768,l10n_py_locality_5400,768,"FATIMA"
l10n_py_neighborhood_769,l10n_py_locality_5400,769,"BELLA VISTA"
l10n_py_neighborhood_770,l10n_py_locality_5400,770,"AURORA"
l10n_py_neighborhood_771,l10n_py_locality_5400,771,"CAACUPE-MI"
l10n_py_neighborhood_772,l10n_py_locality_5400,772,"SAN MIGUEL"
l10n_py_neighborhood_773,l10n_py_locality_5400,773,"NUEVA ESPERANZA"
l10n_py_neighborhood_774,l10n_py_locality_5400,774,"MARIA MAGDALENA"
l10n_py_neighborhood_775,l10n_py_locality_5400,775,"SAN FRANCISCO"
l10n_py_neighborhood_776,l10n_py_locality_5400,776,"MCAL. LOPEZ"
l10n_py_neighborhood_777,l10n_py_locality_5400,777,"SAN RAMON"
l10n_py_neighborhood_778,l10n_py_locality_5400,778,"SAN JOSE"
l10n_py_neighborhood_779,l10n_py_locality_5400,779,"SAN CARLOS"
l10n_py_neighborhood_780,l10n_py_locality_5400,780,"NTRA. SRA. DE LA ASUNCION"
l10n_py_neighborhood_781,l10n_py_locality_5400,781,"AREA 6"
l10n_py_neighborhood_782,l10n_py_locality_5400,782,"SAN LORENZO"
l10n_py_neighborhood_718,l10n_py_locality_3428,718,"10 A 13 ACARAY"
l10n_py_neighborhood_719,l10n_py_locality_3428,719,"MICRO CENTRO"
l10n_py_neighborhood_720,l10n_py_locality_3428,720,"JUAN E'OLEARY"
l10n_py_neighborhood_721,l10n_py_locality_3428,721,"BOQUERON"
l10n_py_neighborhood_722,l10n_py_locality_3428,722,"AREA 1"
l10n_py_neighborhood_723,l10n_py_locality_3428,723,"SAN JOSE"
l10n_py_neighborhood_724,l10n_py_locality_3428,724,"CIUDAD NUEVA"
l10n_py_neighborhood_725,l10n_py_locality_3428,725,"AMAMBAY"
l10n_py_neighborhood_726,l10n_py_locality_3428,726,"AREA 8"
l10n_py_neighborhood_727,l10n_py_locality_3428,727,"OBRERO"
l10n_py_neighborhood_728,l10n_py_locality_3428,728,"SAN MIGUEL"
l10n_py_neighborhood_729,l10n_py_locality_3428,729,"9 A 10 ACARAY"
l10n_py_neighborhood_730,l10n_py_locality_3428,730,"REMANSITO"
l10n_py_neighborhood_731,l10n_py_locality_3428,731,"SAN ROQUE"
l10n_py_neighborhood_732,l10n_py_locality_3428,732,"FATIMA"
l10n_py_neighborhood_733,l10n_py_locality_3428,733,"SANTA ANA"
l10n_py_neighborhood_734,l10n_py_locality_3428,734,"23 DE OCTUBRE"
l10n_py_neighborhood_735,l10n_py_locality_3428,735,"7 A 10 MONDAY"
l10n_py_neighborhood_736,l10n_py_locality_3428,736,"10 A 13 MONDAY"
l10n_py_neighborhood_737,l10n_py_locality_3428,737,"7,5 A 9 ACARAY"
l10n_py_neighborhood_738,l10n_py_locality_3428,738,"DON BOSCO"
l10n_py_neighborhood_739,l10n_py_locality_3428,739,"6 A 7,5 ACARAY"
l10n_py_neighborhood_740,l10n_py_locality_3428,740,"5 A 6 ACARAY"
l10n_py_neighborhood_741,l10n_py_locality_3428,741,"4 A 5 ACARAY"
l10n_py_neighborhood_742,l10n_py_locality_3428,742,"PABLO ROJAS"
l10n_py_neighborhood_743,l10n_py_locality_3428,743,"SAN BLAS"
l10n_py_neighborhood_761,l10n_py_locality_5744,761,"SAN ANTONIO"
l10n_py_neighborhood_762,l10n_py_locality_5744,762,"SAN FRANCISCO"
l10n_py_neighborhood_763,l10n_py_locality_5744,763,"SANTA ROSA"
l10n_py_neighborhood_764,l10n_py_locality_5744,764,"INMACULADA"
l10n_py_neighborhood_783,l10n_py_locality_3461,783,"SAN JOSE"
l10n_py_neighborhood_784,l10n_py_locality_3461,784,"SANTA LIBRADA"
l10n_py_neighborhood_744,l10n_py_locality_3521,744,"SAN ANTONIO"
l10n_py_neighborhood_745,l10n_py_locality_3521,745,"SAN MIGUEL"
l10n_py_neighborhood_746,l10n_py_locality_3521,746,"MARIA AUXILIADORA"
l10n_py_neighborhood_747,l10n_py_locality_3521,747,"SAN MIGUEL-VILLA BAJA"
l10n_py_neighborhood_748,l10n_py_locality_3521,748,"SAN ROQUE"
l10n_py_neighborhood_749,l10n_py_locality_3521,749,"SAN FRANCISCO"
l10n_py_neighborhood_750,l10n_py_locality_3521,750,"SANTA ROSA"
l10n_py_neighborhood_751,l10n_py_locality_3521,751,"SAN JOSE OBRERO"
l10n_py_neighborhood_752,l10n_py_locality_3521,752,"FRAY LUIS BOLANOS"
l10n_py_neighborhood_753,l10n_py_locality_3521,753,"SAN PABLO-SAN JUAN"
l10n_py_neighborhood_754,l10n_py_locality_3521,754,"FATIMA"
l10n_py_neighborhood_755,l10n_py_locality_3521,755,"LAS MERCEDES"
l10n_py_neighborhood_756,l10n_py_locality_3521,756,"SAN RAFAEL"
l10n_py_neighborhood_757,l10n_py_locality_3521,757,"AREA 5"
l10n_py_neighborhood_758,l10n_py_locality_3521,758,"SAN SEBASTIAN"
l10n_py_neighborhood_759,l10n_py_locality_3521,759,"SANTO TOMAS"
l10n_py_neighborhood_760,l10n_py_locality_3521,760,"SAN LORENZO"
l10n_py_neighborhood_799,l10n_py_locality_3556,799,"IMPERIAL"
l10n_py_neighborhood_800,l10n_py_locality_3556,800,"NUEVA PLATA"
l10n_py_neighborhood_801,l10n_py_locality_3556,801,"EL COLONO"
l10n_py_neighborhood_802,l10n_py_locality_3556,802,"SAN RAMON"
l10n_py_neighborhood_803,l10n_py_locality_3556,803,"CARDOZO"
l10n_py_neighborhood_804,l10n_py_locality_3556,804,"BIRNFER"
l10n_py_neighborhood_805,l10n_py_locality_3556,805,"SHULTZ"
l10n_py_neighborhood_806,l10n_py_locality_3556,806,"NUEVA ESPERANZA"
l10n_py_neighborhood_807,l10n_py_locality_3556,807,"NUEVA SANTA RITA"
l10n_py_neighborhood_790,l10n_py_locality_3557,790,"SCHNEIDER"
l10n_py_neighborhood_791,l10n_py_locality_3557,791,"CENTRO"
l10n_py_neighborhood_792,l10n_py_locality_3557,792,"VILLA NELIDA I"
l10n_py_neighborhood_793,l10n_py_locality_3557,793,"VILLA NELIDA II"
l10n_py_neighborhood_794,l10n_py_locality_3557,794,"DORITA"
l10n_py_neighborhood_795,l10n_py_locality_3557,795,"LOS ALAMOS"
l10n_py_neighborhood_796,l10n_py_locality_3557,796,"FRACCION SANTA MONICA"
l10n_py_neighborhood_797,l10n_py_locality_3557,797,"FRACCION NORMA LUISA"
l10n_py_neighborhood_798,l10n_py_locality_3557,798,"FRACCION YHAGUY"
l10n_py_neighborhood_785,l10n_py_locality_5695,785,"BARRIO LOS LAURELES"
l10n_py_neighborhood_786,l10n_py_locality_5695,786,"BARRIO B"
l10n_py_neighborhood_787,l10n_py_locality_5695,787,"FRACCION  LA ESPERANZA"
l10n_py_neighborhood_788,l10n_py_locality_5695,788,"FRACCION A"
l10n_py_neighborhood_789,l10n_py_locality_5695,789,"FRACCION AURORA"
l10n_py_neighborhood_808,l10n_py_locality_5696,808,"SANTA CECILIA"
l10n_py_neighborhood_809,l10n_py_locality_5696,809,"CENTRO"
l10n_py_neighborhood_810,l10n_py_locality_3559,810,"SAN MIGUEL"
l10n_py_neighborhood_811,l10n_py_locality_3559,811,"SANTO DOMINGO"
l10n_py_neighborhood_812,l10n_py_locality_3559,812,"SAN ROQUE"
l10n_py_neighborhood_813,l10n_py_locality_3559,813,"LAS MERCEDES"
l10n_py_neighborhood_814,l10n_py_locality_3568,814,"BARRIO A"
l10n_py_neighborhood_815,l10n_py_locality_3568,815,"BARRIO E"
l10n_py_neighborhood_816,l10n_py_locality_3568,816,"BARRIO D"
l10n_py_neighborhood_817,l10n_py_locality_3568,817,"PUERTA DEL SOL"
l10n_py_neighborhood_818,l10n_py_locality_3568,818,"ARATIRI"
l10n_py_neighborhood_819,l10n_py_locality_3568,819,"BARRIO F"
l10n_py_neighborhood_820,l10n_py_locality_3568,820,"TORREMOLINOS"
l10n_py_neighborhood_821,l10n_py_locality_3568,821,"SAN MIGUEL"
l10n_py_neighborhood_822,l10n_py_locality_3568,822,"SAN LORENZO"
l10n_py_neighborhood_823,l10n_py_locality_3568,823,"CAPSA"
l10n_py_neighborhood_824,l10n_py_locality_3568,824,"ARRUA"
l10n_py_neighborhood_825,l10n_py_locality_3568,825,"BARRIO B"
l10n_py_neighborhood_826,l10n_py_locality_3568,826,"BARRIO M"
l10n_py_neighborhood_827,l10n_py_locality_3568,827,"BARRIO N"
l10n_py_neighborhood_828,l10n_py_locality_3568,828,"BARRIO L"
l10n_py_neighborhood_829,l10n_py_locality_3568,829,"BARRIO K"
l10n_py_neighborhood_830,l10n_py_locality_3568,830,"BARRIO G"
l10n_py_neighborhood_831,l10n_py_locality_3568,831,"SAN JORGE"
l10n_py_neighborhood_832,l10n_py_locality_3568,832,"VIRGEN DEL PILAR"
l10n_py_neighborhood_833,l10n_py_locality_3568,833,"RETIRO"
l10n_py_neighborhood_834,l10n_py_locality_3568,834,"POSTA YBYCUA"
l10n_py_neighborhood_835,l10n_py_locality_3568,835,"BARRIO I"
l10n_py_neighborhood_836,l10n_py_locality_3568,836,"ZONA MILITAR"
l10n_py_neighborhood_837,l10n_py_locality_3568,837,"BARRIO J"
l10n_py_neighborhood_838,l10n_py_locality_3568,838,"CERRITO"
l10n_py_neighborhood_839,l10n_py_locality_3568,839,"SANTISIMA CRUZ"
l10n_py_neighborhood_840,l10n_py_locality_3568,840,"SANTA RITA"
l10n_py_neighborhood_841,l10n_py_locality_3568,841,"SAN ROQUE"
l10n_py_neighborhood_842,l10n_py_locality_3568,842,"SANTO DOMINGO"
l10n_py_neighborhood_843,l10n_py_locality_3568,843,"BARRIO H"
l10n_py_neighborhood_844,l10n_py_locality_3568,844,"VILLA MILITAR"
l10n_py_neighborhood_845,l10n_py_locality_3568,845,"BARRIO C"
l10n_py_neighborhood_846,l10n_py_locality_3568,846,"LAURELTY"
l10n_py_neighborhood_847,l10n_py_locality_3568,847,"CARUMBE-CUA"
l10n_py_neighborhood_848,l10n_py_locality_3568,848,"CANDELARIA"
l10n_py_neighborhood_849,l10n_py_locality_3568,849,"ROBERTO L. PETIT"
l10n_py_neighborhood_71,l10n_py_locality_5044,71,"ORILLA DEL CAMPO GRANDE"
l10n_py_neighborhood_72,l10n_py_locality_5044,72,"VILLA OFELIA"
l10n_py_neighborhood_73,l10n_py_locality_5044,73,"LAS RESIDENTAS"
l10n_py_neighborhood_74,l10n_py_locality_5044,74,"SAN JUAN"
l10n_py_neighborhood_75,l10n_py_locality_5044,75,"ITA CAAGUY"
l10n_py_neighborhood_76,l10n_py_locality_5044,76,"PITIANTUTA"
l10n_py_neighborhood_77,l10n_py_locality_5044,77,"BERNARDINO CABALLERO"
l10n_py_neighborhood_78,l10n_py_locality_5044,78,"LAGUNA SATI"
l10n_py_neighborhood_79,l10n_py_locality_5044,79,"PROYECTO 16 LILIO"
l10n_py_neighborhood_80,l10n_py_locality_5044,80,"LAGUNA GRANDE"
l10n_py_neighborhood_81,l10n_py_locality_5044,81,"CIUDAD"
l10n_py_neighborhood_82,l10n_py_locality_5044,82,"DOMINGO SAVIO"
l10n_py_neighborhood_83,l10n_py_locality_5044,83,"COCUE GUAZU"
l10n_py_neighborhood_84,l10n_py_locality_5044,84,"TRES BOCAS"
l10n_py_neighborhood_85,l10n_py_locality_5044,85,"ESTANZUELA"
l10n_py_neighborhood_850,l10n_py_locality_5054,850,"FELSINA"
l10n_py_neighborhood_851,l10n_py_locality_5054,851,"SAN MIGUEL"
l10n_py_neighborhood_852,l10n_py_locality_5054,852,"COLON"
l10n_py_neighborhood_853,l10n_py_locality_5054,853,"ALEGRE"
l10n_py_neighborhood_854,l10n_py_locality_5849,854,"SAN BLAS"
l10n_py_neighborhood_855,l10n_py_locality_5849,855,"SPORTIVO"
l10n_py_neighborhood_856,l10n_py_locality_5849,856,"CERRO CORA"
l10n_py_neighborhood_857,l10n_py_locality_5849,857,"SAN ANTONIO"
l10n_py_neighborhood_858,l10n_py_locality_5854,858,"BARRIO 1"
l10n_py_neighborhood_859,l10n_py_locality_5854,859,"GUAYAIBI-TY"
l10n_py_neighborhood_860,l10n_py_locality_5854,860,"MBOCAYATY DEL NORTE"
l10n_py_neighborhood_861,l10n_py_locality_5854,861,"MBOCAYATY DEL SUR"
l10n_py_neighborhood_862,l10n_py_locality_5854,862,"MBOI-Y"
l10n_py_neighborhood_863,l10n_py_locality_5854,863,"ALDAMA CAÐADA"
l10n_py_neighborhood_864,l10n_py_locality_5854,864,"JHUGUA POTI"
l10n_py_neighborhood_865,l10n_py_locality_5854,865,"POTRERITO"
l10n_py_neighborhood_866,l10n_py_locality_5854,866,"BARRIO 2"
l10n_py_neighborhood_867,l10n_py_locality_5854,867,"BARRIO 3"
l10n_py_neighborhood_868,l10n_py_locality_5854,868,"BARRIO 4"
l10n_py_neighborhood_869,l10n_py_locality_5854,869,"BARRIO 5"
l10n_py_neighborhood_870,l10n_py_locality_5854,870,"BARRIO 6"
l10n_py_neighborhood_871,l10n_py_locality_5854,871,"BARRIO 7"
l10n_py_neighborhood_872,l10n_py_locality_5854,872,"VALLE CARE"
l10n_py_neighborhood_873,l10n_py_locality_5854,873,"GUAZU VIRA"
l10n_py_neighborhood_874,l10n_py_locality_5940,874,"PIQUETE CUE"
l10n_py_neighborhood_875,l10n_py_locality_5940,875,"SAN ANTONIO"
l10n_py_neighborhood_876,l10n_py_locality_5940,876,"SANTA LUCIA"
l10n_py_neighborhood_877,l10n_py_locality_5940,877,"MONTAÐA ALTA"
l10n_py_neighborhood_878,l10n_py_locality_5940,878,"SAN FRANCISCO B"
l10n_py_neighborhood_879,l10n_py_locality_5940,879,"MBAYUE"
l10n_py_neighborhood_880,l10n_py_locality_5940,880,"SAN RAMON II"
l10n_py_neighborhood_881,l10n_py_locality_5940,881,"SAN FRANCISCO A"
l10n_py_neighborhood_882,l10n_py_locality_5940,882,"SANTA LIBRADA"
l10n_py_neighborhood_883,l10n_py_locality_5940,883,"8 DE DICIEMBRE"
l10n_py_neighborhood_884,l10n_py_locality_5940,884,"AGUAPEY"
l10n_py_neighborhood_885,l10n_py_locality_5940,885,"LIMPIO RUGUA"
l10n_py_neighborhood_886,l10n_py_locality_5940,886,"ISLA ARANDA"
l10n_py_neighborhood_887,l10n_py_locality_5940,887,"SAN JUAN"
l10n_py_neighborhood_888,l10n_py_locality_5940,888,"ISLA AVEIRO"
l10n_py_neighborhood_889,l10n_py_locality_5940,889,"COL. JUAN DE SALAZAR"
l10n_py_neighborhood_890,l10n_py_locality_5940,890,"RINCON DEL PEÐON"
l10n_py_neighborhood_891,l10n_py_locality_5940,891,"SALADO-I"
l10n_py_neighborhood_892,l10n_py_locality_5940,892,"SALADO"
l10n_py_neighborhood_893,l10n_py_locality_5940,893,"CICOMAR"
l10n_py_neighborhood_894,l10n_py_locality_5940,894,"SAN SALVADOR"
l10n_py_neighborhood_895,l10n_py_locality_5940,895,"SAN PEDRO"
l10n_py_neighborhood_896,l10n_py_locality_5940,896,"SAN JOSE"
l10n_py_neighborhood_86,l10n_py_locality_5946,86,"BARRIO 1"
l10n_py_neighborhood_87,l10n_py_locality_5946,87,"BARRIO 8"
l10n_py_neighborhood_88,l10n_py_locality_5946,88,"BARRIO 14"
l10n_py_neighborhood_89,l10n_py_locality_5946,89,"BARRIO 21"
l10n_py_neighborhood_90,l10n_py_locality_5946,90,"BARRIO 3"
l10n_py_neighborhood_91,l10n_py_locality_5946,91,"BARRIO 19"
l10n_py_neighborhood_92,l10n_py_locality_5946,92,"BARRIO 29"
l10n_py_neighborhood_93,l10n_py_locality_5946,93,"BARRIO 9"
l10n_py_neighborhood_94,l10n_py_locality_5946,94,"BARRIO 23"
l10n_py_neighborhood_95,l10n_py_locality_5946,95,"BARRIO 31"
l10n_py_neighborhood_96,l10n_py_locality_5946,96,"BARRIO 12"
l10n_py_neighborhood_97,l10n_py_locality_5946,97,"BARRIO 16"
l10n_py_neighborhood_98,l10n_py_locality_5946,98,"BARRIO 5"
l10n_py_neighborhood_99,l10n_py_locality_5946,99,"BARRIO 11"
l10n_py_neighborhood_100,l10n_py_locality_5946,100,"BARRIO 26"
l10n_py_neighborhood_101,l10n_py_locality_5946,101,"BARRIO 27"
l10n_py_neighborhood_102,l10n_py_locality_5946,102,"BARRIO 22"
l10n_py_neighborhood_103,l10n_py_locality_5946,103,"BARRIO 20"
l10n_py_neighborhood_104,l10n_py_locality_5946,104,"BARRIO 24"
l10n_py_neighborhood_105,l10n_py_locality_5946,105,"BARRIO 17"
l10n_py_neighborhood_106,l10n_py_locality_5946,106,"BARRIO 13"
l10n_py_neighborhood_107,l10n_py_locality_5946,107,"BARRIO 18"
l10n_py_neighborhood_108,l10n_py_locality_5946,108,"BARRIO 15"
l10n_py_neighborhood_109,l10n_py_locality_5946,109,"BARRIO 10"
l10n_py_neighborhood_110,l10n_py_locality_5946,110,"BARRIO 6"
l10n_py_neighborhood_111,l10n_py_locality_5946,111,"BARRIO 4"
l10n_py_neighborhood_112,l10n_py_locality_5946,112,"BARRIO 2"
l10n_py_neighborhood_113,l10n_py_locality_5946,113,"BARRIO 32"
l10n_py_neighborhood_114,l10n_py_locality_5946,114,"BARRIO 30"
l10n_py_neighborhood_115,l10n_py_locality_5946,115,"BARRIO 7"
l10n_py_neighborhood_116,l10n_py_locality_5946,116,"BARRIO 25"
l10n_py_neighborhood_117,l10n_py_locality_5946,117,"BARRIO 28"
l10n_py_neighborhood_897,l10n_py_locality_5946,897,"AEROPUERTO"
l10n_py_neighborhood_898,l10n_py_locality_5946,898,"CENTRO"
l10n_py_neighborhood_899,l10n_py_locality_5946,899,"CUARTO BARRIO"
l10n_py_neighborhood_900,l10n_py_locality_5946,900,"CAMPO GRANDE"
l10n_py_neighborhood_901,l10n_py_locality_5946,901,"JHUGUA DE SEDA"
l10n_py_neighborhood_902,l10n_py_locality_5946,902,"TERCER BARRIO"
l10n_py_neighborhood_903,l10n_py_locality_5946,903,"MARAMBURE"
l10n_py_neighborhood_904,l10n_py_locality_5946,904,"YAGUARETE CORA"
l10n_py_neighborhood_905,l10n_py_locality_5946,905,"COSTA SOSA"
l10n_py_neighborhood_906,l10n_py_locality_5946,906,"YCUA DURE"
l10n_py_neighborhood_907,l10n_py_locality_5946,907,"MACA-I"
l10n_py_neighborhood_908,l10n_py_locality_5946,908,"ZARATE ISLA"
l10n_py_neighborhood_909,l10n_py_locality_5946,909,"CAÑADA SAN RAFAEL"
l10n_py_neighborhood_910,l10n_py_locality_5946,910,"ISLA BOGADO"
l10n_py_neighborhood_911,l10n_py_locality_5946,911,"LAURELTY"
l10n_py_neighborhood_912,l10n_py_locality_5946,912,"YCUA CARANDAY"
l10n_py_neighborhood_913,l10n_py_locality_5946,913,"MORA CUE"
l10n_py_neighborhood_914,l10n_py_locality_5946,914,"CAÑADA GARAY"
l10n_py_neighborhood_915,l10n_py_locality_5946,915,"YCA A"
l10n_py_neighborhood_916,l10n_py_locality_5946,916,"LOMA MERLO"
l10n_py_neighborhood_917,l10n_py_locality_5946,917,"PRIMER BARRIO"
l10n_py_neighborhood_918,l10n_py_locality_5946,918,"SEGUNDO BARRIO"
l10n_py_neighborhood_919,l10n_py_locality_5970,919,"CORUMBA-CUE"
l10n_py_neighborhood_920,l10n_py_locality_5970,920,"BANADO"
l10n_py_neighborhood_921,l10n_py_locality_5970,921,"VILLA MARGARITA"
l10n_py_neighborhood_922,l10n_py_locality_5970,922,"ROSA MISTICA"
l10n_py_neighborhood_923,l10n_py_locality_5970,923,"DEFENSORES DEL CHACO"
l10n_py_neighborhood_924,l10n_py_locality_5970,924,"LA ASUNCION"
l10n_py_neighborhood_925,l10n_py_locality_5970,925,"SAN BLAS"
l10n_py_neighborhood_926,l10n_py_locality_5970,926,"SAN JORGE"
l10n_py_neighborhood_927,l10n_py_locality_5970,927,"SAN RAMON"
l10n_py_neighborhood_928,l10n_py_locality_5970,928,"SURUBI-Y"
l10n_py_neighborhood_929,l10n_py_locality_5970,929,"ARECAYA"
l10n_py_neighborhood_930,l10n_py_locality_5970,930,"CAAGUY-CUPE"
l10n_py_neighborhood_931,l10n_py_locality_5970,931,"SAN LUIS"
l10n_py_neighborhood_932,l10n_py_locality_5970,932,"CONCORDIA"
l10n_py_neighborhood_933,l10n_py_locality_5970,933,"CENTRAL"
l10n_py_neighborhood_934,l10n_py_locality_5970,934,"MARIA AUXILIADORA"
l10n_py_neighborhood_935,l10n_py_locality_5970,935,"REMANSO"
l10n_py_neighborhood_940,l10n_py_locality_5975,940,"VILLA ANITA"
l10n_py_neighborhood_941,l10n_py_locality_5975,941,"SAN CARLOS"
l10n_py_neighborhood_942,l10n_py_locality_5975,942,"CAPILLA DEL MONTE"
l10n_py_neighborhood_943,l10n_py_locality_5975,943,"RINCON"
l10n_py_neighborhood_944,l10n_py_locality_5975,944,"CAAGUAZU"
l10n_py_neighborhood_945,l10n_py_locality_5975,945,"SANTA LIBRADA"
l10n_py_neighborhood_946,l10n_py_locality_5975,946,"CANADITA"
l10n_py_neighborhood_947,l10n_py_locality_5975,947,"SAN MIGUEL"
l10n_py_neighborhood_948,l10n_py_locality_5975,948,"PAI NU"
l10n_py_neighborhood_949,l10n_py_locality_5975,949,"MBOCAYATY"
l10n_py_neighborhood_950,l10n_py_locality_5975,950,"VISTA ALEGRE"
l10n_py_neighborhood_951,l10n_py_locality_5975,951,"CENTRO"
l10n_py_neighborhood_952,l10n_py_locality_5975,952,"PIROY"
l10n_py_neighborhood_953,l10n_py_locality_5975,953,"SALINAS"
l10n_py_neighborhood_954,l10n_py_locality_5975,954,"VILLA DEL CARMEN"
l10n_py_neighborhood_955,l10n_py_locality_5975,955,"FRACCION SAN CELESTINO"
l10n_py_neighborhood_936,l10n_py_locality_5999,936,"SANTA ROSA"
l10n_py_neighborhood_937,l10n_py_locality_5999,937,"SAN PEDRO"
l10n_py_neighborhood_938,l10n_py_locality_5999,938,"SAN BLAS"
l10n_py_neighborhood_939,l10n_py_locality_5999,939,"SAN FRANCISCO"
l10n_py_neighborhood_956,l10n_py_locality_6008,956,"SAN FRANCISCO CENTRO"
l10n_py_neighborhood_957,l10n_py_locality_6008,957,"ANTIGUA IMAGEN 1"
l10n_py_neighborhood_958,l10n_py_locality_6008,958,"ANTIGUA IMAGEN 2"
l10n_py_neighborhood_959,l10n_py_locality_6008,959,"ACOSTA NU"
l10n_py_neighborhood_960,l10n_py_locality_6008,960,"SAN JORGE"
l10n_py_neighborhood_961,l10n_py_locality_6008,961,"ACHUCARRO NORTE"
l10n_py_neighborhood_962,l10n_py_locality_6008,962,"ACHUCARRO SUR"
l10n_py_neighborhood_963,l10n_py_locality_6008,963,"PUEBLO"
l10n_py_neighborhood_964,l10n_py_locality_6008,964,"SAN BLAS"
l10n_py_neighborhood_965,l10n_py_locality_6008,965,"MARIA AUXILIADORA"
l10n_py_neighborhood_966,l10n_py_locality_6008,966,"SAN FRANCISCO SUR"
l10n_py_neighborhood_967,l10n_py_locality_6008,967,"LAS GARZAS"
l10n_py_neighborhood_968,l10n_py_locality_6008,968,"LAS MERCEDES"
l10n_py_neighborhood_969,l10n_py_locality_6008,969,"SAN ROQUE"
l10n_py_neighborhood_970,l10n_py_locality_6008,970,"NARANJATY"
l10n_py_neighborhood_118,l10n_py_locality_6010,118,"SANTO TOMAS"
l10n_py_neighborhood_119,l10n_py_locality_6010,119,"SAN FRANCISCO"
l10n_py_neighborhood_120,l10n_py_locality_6010,120,"SAN LUIS"
l10n_py_neighborhood_121,l10n_py_locality_6010,121,"SAN ROQUE"
l10n_py_neighborhood_122,l10n_py_locality_6010,122,"SAN ISIDRO"
l10n_py_neighborhood_123,l10n_py_locality_6010,123,"BARCEQUILLO"
l10n_py_neighborhood_124,l10n_py_locality_6010,124,"SAN RAFAEL"
l10n_py_neighborhood_125,l10n_py_locality_6010,125,"ESPIRITU SANTO"
l10n_py_neighborhood_126,l10n_py_locality_6010,126,"VILLA INDUSTRIAL"
l10n_py_neighborhood_127,l10n_py_locality_6010,127,"LERIDA"
l10n_py_neighborhood_128,l10n_py_locality_6010,128,"SAN JUAN - LUCERITO"
l10n_py_neighborhood_129,l10n_py_locality_6010,129,"LAURELTY"
l10n_py_neighborhood_130,l10n_py_locality_6010,130,"MARIA AUXILIADORA"
l10n_py_neighborhood_131,l10n_py_locality_6010,131,"SAN ANTONIO - CALLE-I"
l10n_py_neighborhood_132,l10n_py_locality_6010,132,"INMACULADA"
l10n_py_neighborhood_133,l10n_py_locality_6010,133,"VIRGEN DE FATIMA"
l10n_py_neighborhood_134,l10n_py_locality_6010,134,"NTRA. SRA. DE LA ASUNCION"
l10n_py_neighborhood_135,l10n_py_locality_6010,135,"MITA-I"
l10n_py_neighborhood_136,l10n_py_locality_6010,136,"SANTA MARIA"
l10n_py_neighborhood_137,l10n_py_locality_6010,137,"VILLA UNIVERSITARIA"
l10n_py_neighborhood_138,l10n_py_locality_6010,138,"TAYAZUAPE"
l10n_py_neighborhood_139,l10n_py_locality_6010,139,"SAN ANTONIO - REDUCTO"
l10n_py_neighborhood_140,l10n_py_locality_6010,140,"LUCERITO"
l10n_py_neighborhood_141,l10n_py_locality_6010,141,"SAN JOSE"
l10n_py_neighborhood_142,l10n_py_locality_6010,142,"VILLA DEL AGRONOMO"
l10n_py_neighborhood_143,l10n_py_locality_6010,143,"SAN ANTONIO - CIUDAD"
l10n_py_neighborhood_144,l10n_py_locality_6010,144,"SANTA ANA"
l10n_py_neighborhood_145,l10n_py_locality_6010,145,"SAN PEDRO"
l10n_py_neighborhood_146,l10n_py_locality_6010,146,"FLORIDA"
l10n_py_neighborhood_147,l10n_py_locality_6010,147,"SAN PEDRO - ÑU PORA"
l10n_py_neighborhood_148,l10n_py_locality_6010,148,"SANTO REY"
l10n_py_neighborhood_149,l10n_py_locality_6010,149,"SAN MIGUEL"
l10n_py_neighborhood_150,l10n_py_locality_6010,150,"ANAHI"
l10n_py_neighborhood_151,l10n_py_locality_6010,151,"LOS NOGALES"
l10n_py_neighborhood_152,l10n_py_locality_6010,152,"VIRGEN DEL ROSARIO"
l10n_py_neighborhood_153,l10n_py_locality_6010,153,"CAACUPE"
l10n_py_neighborhood_154,l10n_py_locality_6010,154,"SAN FELIPE"
l10n_py_neighborhood_155,l10n_py_locality_6010,155,"SAN BLAS"
l10n_py_neighborhood_156,l10n_py_locality_6010,156,"RINCON"
l10n_py_neighborhood_157,l10n_py_locality_6010,157,"LA VICTORIA"
l10n_py_neighborhood_158,l10n_py_locality_6010,158,"LA ENCARNACION"
l10n_py_neighborhood_159,l10n_py_locality_6010,159,"SANTA CRUZ"
l10n_py_neighborhood_160,l10n_py_locality_6010,160,"SAN RAMON"
l10n_py_neighborhood_161,l10n_py_locality_6010,161,"VILLA LAURELTY"
l10n_py_neighborhood_162,l10n_py_locality_6010,162,"CAPILLA DEL MONTE"
l10n_py_neighborhood_163,l10n_py_locality_6010,163,"SANTA LIBRADA"
l10n_py_neighborhood_164,l10n_py_locality_6010,164,"LAS MERCEDES"
l10n_py_neighborhood_165,l10n_py_locality_6010,165,"CORAZON DE JESUS"
l10n_py_neighborhood_166,l10n_py_locality_6010,166,"VIRGEN DE LOS REMEDIOS"
l10n_py_neighborhood_167,l10n_py_locality_6010,167,"SAN JUAN - CALLE-I"
l10n_py_neighborhood_168,l10n_py_locality_6010,168,"SAN JOSE"
l10n_py_neighborhood_169,l10n_py_locality_6010,169,"SANTA LUCIA"
l10n_py_neighborhood_971,l10n_py_locality_6040,971,"VILLA AMELIA"
l10n_py_neighborhood_972,l10n_py_locality_6040,972,"MIRAFLORES"
l10n_py_neighborhood_973,l10n_py_locality_6040,973,"REDUCTO"
l10n_py_neighborhood_974,l10n_py_locality_6040,974,"SAGRADA FAMILIA"
l10n_py_neighborhood_975,l10n_py_locality_6054,975,"29 DE SETIEMBRE"
l10n_py_neighborhood_976,l10n_py_locality_6054,976,"SOL DE AMERICA"
l10n_py_neighborhood_977,l10n_py_locality_6054,977,"MBOCAYATY"
l10n_py_neighborhood_978,l10n_py_locality_6054,978,"REMANSO"
l10n_py_neighborhood_979,l10n_py_locality_6054,979,"PICADA"
l10n_py_neighborhood_980,l10n_py_locality_6054,980,"VILLA BONITA"
l10n_py_neighborhood_981,l10n_py_locality_6054,981,"VILLA HERMOSA"
l10n_py_neighborhood_982,l10n_py_locality_6054,982,"SAN JUAN"
l10n_py_neighborhood_983,l10n_py_locality_6054,983,"TRES BOCAS"
l10n_py_neighborhood_984,l10n_py_locality_6054,984,"YPATI"
l10n_py_neighborhood_985,l10n_py_locality_6054,985,"ROSEDAL"
l10n_py_neighborhood_986,l10n_py_locality_6054,986,"GLORIA MARIA"
l10n_py_neighborhood_987,l10n_py_locality_6054,987,"8 DE DICIEMBRE"
l10n_py_neighborhood_988,l10n_py_locality_6054,988,"ARROYO SECO"
l10n_py_neighborhood_989,l10n_py_locality_6054,989,"SAN JOSE"
l10n_py_neighborhood_990,l10n_py_locality_6054,990,"CENTRO"
l10n_py_neighborhood_991,l10n_py_locality_6074,991,"INMACULADA"
l10n_py_neighborhood_992,l10n_py_locality_6074,992,"SAGRADO CORAZON"
l10n_py_neighborhood_993,l10n_py_locality_6074,993,"VILLA CONAVI"
l10n_py_neighborhood_994,l10n_py_locality_6074,994,"SAN ISIDRO"
l10n_py_neighborhood_995,l10n_py_locality_6074,995,"MARIA AUXILIADORA"
l10n_py_neighborhood_996,l10n_py_locality_6074,996,"SAN MARTIN DE PORRES"
l10n_py_neighborhood_997,l10n_py_locality_6076,997,"SANTA ROSA"
l10n_py_neighborhood_998,l10n_py_locality_6076,998,"LA VICTORIA"
l10n_py_neighborhood_999,l10n_py_locality_6076,999,"PALMA"
l10n_py_neighborhood_1000,l10n_py_locality_6076,1000,"SAN BLAS"
l10n_py_neighborhood_1001,l10n_py_locality_6093,1001,"SAN FRANCISCO"
l10n_py_neighborhood_1002,l10n_py_locality_6093,1002,"SAN PEDRO"
l10n_py_neighborhood_1003,l10n_py_locality_6093,1003,"CHACO-I"
l10n_py_neighborhood_1004,l10n_py_locality_6093,1004,"SAN ANTONIO"
l10n_py_neighborhood_1005,l10n_py_locality_6093,1005,"DEL PILAR"
l10n_py_neighborhood_170,l10n_py_locality_6106,170,"PALOMAR"
l10n_py_neighborhood_171,l10n_py_locality_6106,171,"SAN ANTONIO"
l10n_py_neighborhood_172,l10n_py_locality_6106,172,"SANTA ROSA"
l10n_py_neighborhood_173,l10n_py_locality_6106,173,"VILLA VIRGINIA"
l10n_py_neighborhood_174,l10n_py_locality_6106,174,"PILAR"
l10n_py_neighborhood_175,l10n_py_locality_6106,175,"SANTO DOMINGO"
l10n_py_neighborhood_176,l10n_py_locality_6106,176,"SANTA LUISA"
l10n_py_neighborhood_177,l10n_py_locality_6106,177,"SAN RAFAEL"
l10n_py_neighborhood_178,l10n_py_locality_6106,178,"SAN ROQUE GONZALEZ"
l10n_py_neighborhood_179,l10n_py_locality_6106,179,"KENNEDY"
l10n_py_neighborhood_180,l10n_py_locality_6106,180,"VILLA CERRO CORA"
l10n_py_neighborhood_181,l10n_py_locality_6106,181,"LA VICTORIA"
l10n_py_neighborhood_182,l10n_py_locality_6106,182,"CAÑADA SAN MIGUEL"
l10n_py_neighborhood_183,l10n_py_locality_6106,183,"CUATRO MOJONES"
l10n_py_neighborhood_184,l10n_py_locality_6106,184,"SANTA LUCIA"
l10n_py_neighborhood_185,l10n_py_locality_6106,185,"PUERTO PABLA"
l10n_py_neighborhood_186,l10n_py_locality_6106,186,"VALLE YBATE"
l10n_py_neighborhood_187,l10n_py_locality_6106,187,"VALLE APUA"
l10n_py_neighborhood_188,l10n_py_locality_6106,188,"PANAMBI RETA"
l10n_py_neighborhood_189,l10n_py_locality_6106,189,"SANTA ROSA I"
l10n_py_neighborhood_190,l10n_py_locality_6106,190,"MBACHIO"
l10n_py_neighborhood_191,l10n_py_locality_6106,191,"SAN ISIDRO"
l10n_py_neighborhood_192,l10n_py_locality_6106,192,"FELICIDAD"
l10n_py_neighborhood_193,l10n_py_locality_6106,193,"MARISCAL LOPEZ"
l10n_py_neighborhood_194,l10n_py_locality_6106,194,"CENTRO URBANO"
l10n_py_neighborhood_1006,l10n_py_locality_6134,1006,"MARISCAL LOPEZ"
l10n_py_neighborhood_1007,l10n_py_locality_6134,1007,"SAN MIGUEL"
l10n_py_neighborhood_1008,l10n_py_locality_6151,1008,"VILLA PASO"
l10n_py_neighborhood_1009,l10n_py_locality_6151,1009,"SAN FRANCISCO"
l10n_py_neighborhood_1010,l10n_py_locality_6151,1010,"SAN MIGUEL"
l10n_py_neighborhood_1011,l10n_py_locality_6151,1011,"8 DE DICIEMBRE"
l10n_py_neighborhood_1012,l10n_py_locality_6151,1012,"SAN LORENZO"
l10n_py_neighborhood_1013,l10n_py_locality_6151,1013,"YTORORO"
l10n_py_neighborhood_1014,l10n_py_locality_6151,1014,"GUARANI"
l10n_py_neighborhood_1015,l10n_py_locality_6151,1015,"SAN JOSE"
l10n_py_neighborhood_1016,l10n_py_locality_6151,1016,"GRAL. E. DIAZ"
l10n_py_neighborhood_1017,l10n_py_locality_6151,1017,"12 DE OCTUBRE"
l10n_py_neighborhood_1018,l10n_py_locality_6151,1018,"OBRERO"
l10n_py_neighborhood_1019,l10n_py_locality_6151,1019,"CRUCECITA"
l10n_py_neighborhood_1020,l10n_py_locality_6151,1020,"LOMA CLAVEL"
l10n_py_neighborhood_1021,l10n_py_locality_6151,1021,"SAN ANTONIO"
l10n_py_neighborhood_1026,l10n_py_locality_5789,1026,"ACOSTA NU"
l10n_py_neighborhood_1027,l10n_py_locality_5789,1027,"CHACO-I"
l10n_py_neighborhood_1028,l10n_py_locality_5789,1028,"SAN FRANCISCO"
l10n_py_neighborhood_1029,l10n_py_locality_5789,1029,"ARROYO JABON"
l10n_py_neighborhood_1022,l10n_py_locality_5478,1022,"8 DE DICIEMBRE"
l10n_py_neighborhood_1023,l10n_py_locality_5478,1023,"SANTA LIBRADA"
l10n_py_neighborhood_1024,l10n_py_locality_5478,1024,"CENTRO"
l10n_py_neighborhood_1025,l10n_py_locality_5478,1025,"SANTA LUCIA"
l10n_py_neighborhood_1030,l10n_py_locality_2347,1030,"MARIA VICTORIA"
l10n_py_neighborhood_1031,l10n_py_locality_2347,1031,"GENERAL IGNACIO GENES"
l10n_py_neighborhood_1032,l10n_py_locality_2347,1032,"SAN JUAN NEUMANN"
l10n_py_neighborhood_1033,l10n_py_locality_2347,1033,"OBRERO"
l10n_py_neighborhood_1034,l10n_py_locality_2347,1034,"JARDIN AURORA"
l10n_py_neighborhood_1035,l10n_py_locality_2347,1035,"DEFENSORES DEL CHACO"
l10n_py_neighborhood_1036,l10n_py_locality_2347,1036,"MARISCAL ESTIGARRIBIA"
l10n_py_neighborhood_1037,l10n_py_locality_2347,1037,"PERPETUO SOCORRO"
l10n_py_neighborhood_1038,l10n_py_locality_2347,1038,"GENERAL DIAZ"
l10n_py_neighborhood_1039,l10n_py_locality_2347,1039,"SAN ANTONIO"
l10n_py_neighborhood_1040,l10n_py_locality_2347,1040,"BERNARDINO CABALLERO"
l10n_py_neighborhood_1041,l10n_py_locality_2347,1041,"GUARANI"
l10n_py_neighborhood_1042,l10n_py_locality_2347,1042,"VIRGEN DE CAACUPE"
l10n_py_neighborhood_1043,l10n_py_locality_2347,1043,"SAN GERARDO"
l10n_py_neighborhood_1044,l10n_py_locality_2407,1044,"PERPETUO SOCORRO"
l10n_py_neighborhood_1045,l10n_py_locality_2407,1045,"OBRERO"
l10n_py_neighborhood_1046,l10n_py_locality_2407,1046,"MARIA AUXILIADORA"
l10n_py_neighborhood_1047,l10n_py_locality_2407,1047,"APA"
l10n_py_neighborhood_1048,l10n_py_locality_2407,1048,"INMACULADA CONCEPCIËN"
l10n_py_neighborhood_1049,l10n_py_locality_2407,1049,"SAN ANTONIO"
l10n_py_neighborhood_1050,l10n_py_locality_2497,1050,"PRIMAVERA"
l10n_py_neighborhood_1051,l10n_py_locality_2497,1051,"SAN ROQUE"
l10n_py_neighborhood_1052,l10n_py_locality_2497,1052,"SAN JOSE"
l10n_py_neighborhood_1053,l10n_py_locality_2497,1053,"OBRERO"
l10n_py_neighborhood_1054,l10n_py_locality_2497,1054,"SAN MIGUEL"
l10n_py_neighborhood_1078,l10n_py_locality_3609,1078,"CIUDAD NUEVA"
l10n_py_neighborhood_1079,l10n_py_locality_3609,1079,"PADETE"
l10n_py_neighborhood_1080,l10n_py_locality_3609,1080,"ALONSO"
l10n_py_neighborhood_1081,l10n_py_locality_3609,1081,"GOLONDRINA"
l10n_py_neighborhood_1082,l10n_py_locality_5505,1082,"SAN MIGUEL"
l10n_py_neighborhood_1083,l10n_py_locality_5505,1083,"QUINTA"
l10n_py_neighborhood_1084,l10n_py_locality_5505,1084,"VIRGEN DEL ROSARIO"
l10n_py_neighborhood_1085,l10n_py_locality_5505,1085,"SAN ANTONIO"
l10n_py_neighborhood_1086,l10n_py_locality_5505,1086,"CENTRAL"
l10n_py_neighborhood_1087,l10n_py_locality_5505,1087,"INDEPENDIENTE"
l10n_py_neighborhood_1088,l10n_py_locality_5505,1088,"ORIENTAL"
l10n_py_neighborhood_1089,l10n_py_locality_5505,1089,"8 DE DICIEMBRE"
l10n_py_neighborhood_1090,l10n_py_locality_4608,1090,"SANTA ROSA"
l10n_py_neighborhood_1066,l10n_py_locality_4881,1066,"SANTA MARIA"
l10n_py_neighborhood_1067,l10n_py_locality_4881,1067,"CIUDAD INDUSTRIAL"
l10n_py_neighborhood_1068,l10n_py_locality_4881,1068,"MARIA AUXILIADORA"
l10n_py_neighborhood_1069,l10n_py_locality_4881,1069,"CENTRO"
l10n_py_neighborhood_1070,l10n_py_locality_4881,1070,"FATIMA"
l10n_py_neighborhood_1071,l10n_py_locality_4881,1071,"SAN JOSE OBRERO"
l10n_py_neighborhood_1072,l10n_py_locality_4881,1072,"CERRO CORA"
l10n_py_neighborhood_1074,l10n_py_locality_4995,1074,"SAN ISIDRO LABRADOR"
l10n_py_neighborhood_1075,l10n_py_locality_4995,1075,"SAN ISIDRO"
l10n_py_neighborhood_1076,l10n_py_locality_4995,1076,"FATIMA"
l10n_py_neighborhood_1077,l10n_py_locality_4995,1077,"VIRGEN DEL ROSARIO"
l10n_py_neighborhood_1073,l10n_py_locality_5622,1073,"ZONA URBANA"
l10n_py_neighborhood_1055,l10n_py_locality_4762,1055,"SAN PEDRO"
l10n_py_neighborhood_1056,l10n_py_locality_4762,1056,"DONDE NACE EL SOL"
l10n_py_neighborhood_1057,l10n_py_locality_4762,1057,"SAN FRANCISCO"
l10n_py_neighborhood_1058,l10n_py_locality_4762,1058,"INDUSTRIAL"
l10n_py_neighborhood_1059,l10n_py_locality_4762,1059,"VILLA NUEVA"
l10n_py_neighborhood_1060,l10n_py_locality_4762,1060,"VILLA FLORIDA"
l10n_py_neighborhood_1061,l10n_py_locality_4762,1061,"ITAIPU"
l10n_py_neighborhood_1062,l10n_py_locality_4762,1062,"SANTA TERESA"
l10n_py_neighborhood_1063,l10n_py_locality_4762,1063,"PRIMAVERA"
l10n_py_neighborhood_1064,l10n_py_locality_4762,1064,"SAN MIGUEL"
l10n_py_neighborhood_1065,l10n_py_locality_4762,1065,"SANTA ROSA"
l10n_py_neighborhood_1101,l10n_py_locality_6424,1101,"SAN JOSE"